sim_id,a_total_earnings,b_total_earnings,joint_earnings,efficiency,a_coop_rate,b_coop_rate,mutual_coop_rounds,mutual_defect_rounds,a_exploit_rounds,b_exploit_rounds,a_first_defect_round,b_first_defect_round,a_endgame_defects,b_endgame_defects,a_invalids,b_invalids,a_choices,b_choices
0,30,30,60,1.0,1.0,1.0,10,0,0,0,0,0,0,0,0,0,"cooperate,cooperate,cooperate,cooperate,cooperate,cooperate,cooperate,cooperate,cooperate,cooperate","cooperate,cooperate,cooperate,cooperate,cooperate,cooperate,cooperate,cooperate,cooperate,cooperate"
1,8,18,26,0.43333333333333335,0.2,0.0,0,8,0,2,2,1,3,3,0,0,"cooperate,defect,defect,defect,defect,cooperate,defect,defect,defect,defect","defect,defect,defect,defect,defect,defect,defect,defect,defect,defect"
2,30,30,60,1.0,1.0,1.0,10,0,0,0,0,0,0,0,0,0,"cooperate,cooperate,cooperate,cooperate,cooperate,cooperate,cooperate,cooperate,cooperate,cooperate","cooperate,cooperate,cooperate,cooperate,cooperate,cooperate,cooperate,cooperate,cooperate,cooperate"
3,14,24,38,0.6333333333333333,0.4,0.2,0,4,2,4,1,2,1,3,0,0,"defect,cooperate,defect,defect,cooperate,defect,defect,cooperate,cooperate,defect","cooperate,defect,cooperate,defect,defect,defect,defect,defect,defect,defect"
4,30,30,60,1.0,1.0,1.0,10,0,0,0,0,0,0,0,0,0,"cooperate,cooperate,cooperate,cooperate,cooperate,cooperate,cooperate,cooperate,cooperate,cooperate","cooperate,cooperate,cooperate,cooperate,cooperate,cooperate,cooperate,cooperate,cooperate,cooperate"
5,30,30,60,1.0,1.0,1.0,10,0,0,0,0,0,0,0,0,0,"cooperate,cooperate,cooperate,cooperate,cooperate,cooperate,cooperate,cooperate,cooperate,cooperate","cooperate,cooperate,cooperate,cooperate,cooperate,cooperate,cooperate,cooperate,cooperate,cooperate"
6,24,19,43,0.7166666666666667,0.4,0.5,2,3,3,2,1,2,2,1,0,0,"defect,cooperate,defect,defect,defect,cooperate,cooperate,defect,cooperate,defect","cooperate,defect,cooperate,defect,defect,cooperate,defect,defect,cooperate,cooperate"
7,30,30,60,1.0,1.0,1.0,10,0,0,0,0,0,0,0,0,0,"cooperate,cooperate,cooperate,cooperate,cooperate,cooperate,cooperate,cooperate,cooperate,cooperate","cooperate,cooperate,cooperate,cooperate,cooperate,cooperate,cooperate,cooperate,cooperate,cooperate"
8,30,30,60,1.0,1.0,1.0,10,0,0,0,0,0,0,0,0,0,"cooperate,cooperate,cooperate,cooperate,cooperate,cooperate,cooperate,cooperate,cooperate,cooperate","cooperate,cooperate,cooperate,cooperate,cooperate,cooperate,cooperate,cooperate,cooperate,cooperate"
9,7,22,29,0.48333333333333334,0.3,0.0,0,7,0,3,2,1,2,3,0,0,"cooperate,defect,cooperate,defect,defect,defect,defect,defect,defect,cooperate","defect,defect,defect,defect,defect,defect,defect,defect,defect,defect"
10,7,22,29,0.48333333333333334,0.3,0.0,0,7,0,3,2,1,2,3,0,0,"cooperate,defect,defect,defect,cooperate,defect,defect,cooperate,defect,defect","defect,defect,defect,defect,defect,defect,defect,defect,defect,defect"
11,12,27,39,0.65,0.5,0.2,1,4,1,4,1,2,2,3,0,0,"defect,defect,cooperate,cooperate,defect,cooperate,cooperate,defect,cooperate,defect","cooperate,defect,defect,defect,defect,cooperate,defect,defect,defect,defect"
12,7,22,29,0.48333333333333334,0.3,0.0,0,7,0,3,2,1,3,3,0,0,"cooperate,defect,defect,cooperate,defect,defect,cooperate,defect,defect,defect","defect,defect,defect,defect,defect,defect,defect,defect,defect,defect"
13,30,30,60,1.0,1.0,1.0,10,0,0,0,0,0,0,0,0,0,"cooperate,cooperate,cooperate,cooperate,cooperate,cooperate,cooperate,cooperate,cooperate,cooperate","cooperate,cooperate,cooperate,cooperate,cooperate,cooperate,cooperate,cooperate,cooperate,cooperate"
14,10,25,35,0.5833333333333334,0.4,0.1,0,5,1,4,1,2,2,3,0,0,"defect,defect,cooperate,defect,cooperate,cooperate,defect,cooperate,defect,defect","cooperate,defect,defect,defect,defect,defect,defect,defect,defect,defect"
15,30,30,60,1.0,1.0,1.0,10,0,0,0,0,0,0,0,0,0,"cooperate,cooperate,cooperate,cooperate,cooperate,cooperate,cooperate,cooperate,cooperate,cooperate","cooperate,cooperate,cooperate,cooperate,cooperate,cooperate,cooperate,cooperate,cooperate,cooperate"
16,8,18,26,0.43333333333333335,0.2,0.0,0,8,0,2,2,1,3,3,0,0,"cooperate,defect,defect,cooperate,defect,defect,defect,defect,defect,defect","defect,defect,defect,defect,defect,defect,defect,defect,defect,defect"
17,8,18,26,0.43333333333333335,0.2,0.0,0,8,0,2,2,1,3,3,0,0,"cooperate,defect,cooperate,defect,defect,defect,defect,defect,defect,defect","defect,defect,defect,defect,defect,defect,defect,defect,defect,defect"
18,30,30,60,1.0,1.0,1.0,10,0,0,0,0,0,0,0,0,0,"cooperate,cooperate,cooperate,cooperate,cooperate,cooperate,cooperate,cooperate,cooperate,cooperate","cooperate,cooperate,cooperate,cooperate,cooperate,cooperate,cooperate,cooperate,cooperate,cooperate"
19,30,30,60,1.0,1.0,1.0,10,0,0,0,0,0,0,0,0,0,"cooperate,cooperate,cooperate,cooperate,cooperate,cooperate,cooperate,cooperate,cooperate,cooperate","cooperate,cooperate,cooperate,cooperate,cooperate,cooperate,cooperate,cooperate,cooperate,cooperate"
20,23,23,46,0.7666666666666667,0.6,0.6,5,3,1,1,2,1,0,0,0,0,"cooperate,defect,defect,defect,defect,cooperate,cooperate,cooperate,cooperate,cooperate","defect,defect,defect,cooperate,defect,cooperate,cooperate,cooperate,cooperate,cooperate"
21,28,28,56,0.9333333333333333,0.9,0.9,9,1,0,0,1,1,0,0,0,0,"defect,cooperate,cooperate,cooperate,cooperate,cooperate,cooperate,cooperate,cooperate,cooperate","defect,cooperate,cooperate,cooperate,cooperate,cooperate,cooperate,cooperate,cooperate,cooperate"
22,11,21,32,0.5333333333333333,0.3,0.1,0,6,1,3,2,1,2,3,0,0,"cooperate,defect,defect,defect,cooperate,defect,defect,cooperate,defect,defect","defect,defect,defect,cooperate,defect,defect,defect,defect,defect,defect"
23,30,30,60,1.0,1.0,1.0,10,0,0,0,0,0,0,0,0,0,"cooperate,cooperate,cooperate,cooperate,cooperate,cooperate,cooperate,cooperate,cooperate,cooperate","cooperate,cooperate,cooperate,cooperate,cooperate,cooperate,cooperate,cooperate,cooperate,cooperate"
24,30,30,60,1.0,1.0,1.0,10,0,0,0,0,0,0,0,0,0,"cooperate,cooperate,cooperate,cooperate,cooperate,cooperate,cooperate,cooperate,cooperate,cooperate","cooperate,cooperate,cooperate,cooperate,cooperate,cooperate,cooperate,cooperate,cooperate,cooperate"
25,30,30,60,1.0,1.0,1.0,10,0,0,0,0,0,0,0,0,0,"cooperate,cooperate,cooperate,cooperate,cooperate,cooperate,cooperate,cooperate,cooperate,cooperate","cooperate,cooperate,cooperate,cooperate,cooperate,cooperate,cooperate,cooperate,cooperate,cooperate"
26,22,22,44,0.7333333333333333,0.4,0.4,0,2,4,4,1,2,3,2,0,0,"defect,cooperate,cooperate,defect,defect,cooperate,cooperate,defect,defect,defect","cooperate,defect,defect,cooperate,cooperate,defect,defect,cooperate,defect,defect"
27,30,30,60,1.0,1.0,1.0,10,0,0,0,0,0,0,0,0,0,"cooperate,cooperate,cooperate,cooperate,cooperate,cooperate,cooperate,cooperate,cooperate,cooperate","cooperate,cooperate,cooperate,cooperate,cooperate,cooperate,cooperate,cooperate,cooperate,cooperate"
28,30,30,60,1.0,1.0,1.0,10,0,0,0,0,0,0,0,0,0,"cooperate,cooperate,cooperate,cooperate,cooperate,cooperate,cooperate,cooperate,cooperate,cooperate","cooperate,cooperate,cooperate,cooperate,cooperate,cooperate,cooperate,cooperate,cooperate,cooperate"
29,30,30,60,1.0,1.0,1.0,10,0,0,0,0,0,0,0,0,0,"cooperate,cooperate,cooperate,cooperate,cooperate,cooperate,cooperate,cooperate,cooperate,cooperate","cooperate,cooperate,cooperate,cooperate,cooperate,cooperate,cooperate,cooperate,cooperate,cooperate"
