condition,sim_id,a_total_earnings,b_total_earnings,joint_earnings,efficiency,a_coop_rate,b_coop_rate,mutual_coop_rounds,mutual_defect_rounds,a_exploit_rounds,b_exploit_rounds,a_first_defect_round,b_first_defect_round,a_endgame_defects,b_endgame_defects,full_coop
pre_fix,0,30,30,60,1.0,1.0,1.0,10,0,0,0,0,0,0,0,True
pre_fix,1,8,18,26,0.43333333333333335,0.2,0.0,0,8,0,2,2,1,3,3,False
pre_fix,2,30,30,60,1.0,1.0,1.0,10,0,0,0,0,0,0,0,True
pre_fix,3,14,24,38,0.6333333333333333,0.4,0.2,0,4,2,4,1,2,1,3,False
pre_fix,4,30,30,60,1.0,1.0,1.0,10,0,0,0,0,0,0,0,True
pre_fix,5,30,30,60,1.0,1.0,1.0,10,0,0,0,0,0,0,0,True
pre_fix,6,24,19,43,0.7166666666666667,0.4,0.5,2,3,3,2,1,2,2,1,False
pre_fix,7,30,30,60,1.0,1.0,1.0,10,0,0,0,0,0,0,0,True
pre_fix,8,30,30,60,1.0,1.0,1.0,10,0,0,0,0,0,0,0,True
pre_fix,9,7,22,29,0.48333333333333334,0.3,0.0,0,7,0,3,2,1,2,3,False
pre_fix,10,7,22,29,0.48333333333333334,0.3,0.0,0,7,0,3,2,1,2,3,False
pre_fix,11,12,27,39,0.65,0.5,0.2,1,4,1,4,1,2,2,3,False
pre_fix,12,7,22,29,0.48333333333333334,0.3,0.0,0,7,0,3,2,1,3,3,False
pre_fix,13,30,30,60,1.0,1.0,1.0,10,0,0,0,0,0,0,0,True
pre_fix,14,10,25,35,0.5833333333333334,0.4,0.1,0,5,1,4,1,2,2,3,False
pre_fix,15,30,30,60,1.0,1.0,1.0,10,0,0,0,0,0,0,0,True
pre_fix,16,8,18,26,0.43333333333333335,0.2,0.0,0,8,0,2,2,1,3,3,False
pre_fix,17,8,18,26,0.43333333333333335,0.2,0.0,0,8,0,2,2,1,3,3,False
pre_fix,18,30,30,60,1.0,1.0,1.0,10,0,0,0,0,0,0,0,True
pre_fix,19,30,30,60,1.0,1.0,1.0,10,0,0,0,0,0,0,0,True
pre_fix,20,23,23,46,0.7666666666666667,0.6,0.6,5,3,1,1,2,1,0,0,False
pre_fix,21,28,28,56,0.9333333333333333,0.9,0.9,9,1,0,0,1,1,0,0,False
pre_fix,22,11,21,32,0.5333333333333333,0.3,0.1,0,6,1,3,2,1,2,3,False
pre_fix,23,30,30,60,1.0,1.0,1.0,10,0,0,0,0,0,0,0,True
pre_fix,24,30,30,60,1.0,1.0,1.0,10,0,0,0,0,0,0,0,True
pre_fix,25,30,30,60,1.0,1.0,1.0,10,0,0,0,0,0,0,0,True
pre_fix,26,22,22,44,0.7333333333333333,0.4,0.4,0,2,4,4,1,2,3,2,False
pre_fix,27,30,30,60,1.0,1.0,1.0,10,0,0,0,0,0,0,0,True
pre_fix,28,30,30,60,1.0,1.0,1.0,10,0,0,0,0,0,0,0,True
pre_fix,29,30,30,60,1.0,1.0,1.0,10,0,0,0,0,0,0,0,True
post_fix,0,25,10,35,0.5833333333333334,0.1,0.4,0,5,4,1,2,1,3,2,False
post_fix,1,8,18,26,0.43333333333333335,0.2,0.0,0,8,0,2,2,1,3,3,False
post_fix,2,21,11,32,0.5333333333333333,0.1,0.3,0,6,3,1,1,2,3,2,False
post_fix,3,28,28,56,0.9333333333333333,0.9,0.9,9,1,0,0,1,1,0,0,False
post_fix,4,30,30,60,1.0,1.0,1.0,10,0,0,0,0,0,0,0,True
post_fix,5,30,30,60,1.0,1.0,1.0,10,0,0,0,0,0,0,0,True
post_fix,6,30,30,60,1.0,1.0,1.0,10,0,0,0,0,0,0,0,True
post_fix,7,30,30,60,1.0,1.0,1.0,10,0,0,0,0,0,0,0,True
post_fix,8,10,25,35,0.5833333333333334,0.4,0.1,0,5,1,4,1,2,1,3,False
post_fix,9,7,22,29,0.48333333333333334,0.3,0.0,0,7,0,3,2,1,2,3,False
post_fix,10,30,30,60,1.0,1.0,1.0,10,0,0,0,0,0,0,0,True
post_fix,11,12,17,29,0.48333333333333334,0.2,0.1,0,7,1,2,1,2,3,3,False
post_fix,12,28,28,56,0.9333333333333333,0.9,0.9,9,1,0,0,1,1,0,0,False
post_fix,13,28,28,56,0.9333333333333333,0.9,0.9,9,1,0,0,1,1,0,0,False
post_fix,14,25,10,35,0.5833333333333334,0.1,0.4,0,5,4,1,2,1,3,2,False
post_fix,15,28,28,56,0.9333333333333333,0.9,0.9,9,1,0,0,1,1,0,0,False
post_fix,16,19,19,38,0.6333333333333333,0.4,0.4,3,5,1,1,1,2,0,0,False
post_fix,17,12,27,39,0.65,0.5,0.2,1,4,1,4,1,1,2,3,False
post_fix,18,21,11,32,0.5333333333333333,0.1,0.3,0,6,3,1,2,1,3,2,False
post_fix,19,19,14,33,0.55,0.2,0.3,1,6,2,1,1,2,1,2,False
post_fix,20,28,28,56,0.9333333333333333,0.9,0.9,9,1,0,0,1,1,0,0,False
post_fix,21,28,28,56,0.9333333333333333,0.9,0.9,9,1,0,0,1,1,0,0,False
post_fix,22,28,28,56,0.9333333333333333,0.9,0.9,9,1,0,0,1,1,0,0,False
post_fix,23,21,21,42,0.7,0.5,0.5,4,4,1,1,1,2,2,3,False
post_fix,24,30,30,60,1.0,1.0,1.0,10,0,0,0,0,0,0,0,True
post_fix,25,28,28,56,0.9333333333333333,0.9,0.9,9,1,0,0,1,1,0,0,False
post_fix,26,21,11,32,0.5333333333333333,0.1,0.3,0,6,3,1,2,1,3,2,False
post_fix,27,18,18,36,0.6,0.3,0.3,1,5,2,2,1,2,2,3,False
post_fix,28,17,12,29,0.48333333333333334,0.1,0.2,0,7,2,1,1,2,2,3,False
post_fix,29,28,28,56,0.9333333333333333,0.9,0.9,9,1,0,0,1,1,0,0,False
