experiment_name,condition_id,condition_short,session_id,seed,communication,value_gap,info_asymmetry,buyer_wtp,seller_wta,gains_from_trade,feasible,deal,final_price,surplus_captured,price_split_ratio,rounds_to_agreement,bargain_rounds_played,buyer_earnings,seller_earnings,n_comm_messages,n_value_signals,guardrail_triggered
mug_bargain_cheap_talk,C01_none_narrow_twosided,C01,C01_s0,1001,none,narrow,two_sided_private,11.19,6.23,4.96,1,1,10.75,1.0,0.9113,4,4,0.44,4.52,0,0,0
mug_bargain_cheap_talk,C01_none_narrow_twosided,C01,C01_s1,1002,none,narrow,two_sided_private,10.08,7.69,2.39,1,1,9.0,1.0,0.5481,4,4,1.08,1.31,0,0,0
mug_bargain_cheap_talk,C01_none_narrow_twosided,C01,C01_s2,1003,none,narrow,two_sided_private,9.99,7.44,2.55,1,1,9.5,1.0,0.8078,4,4,0.49,2.06,0,0,0
mug_bargain_cheap_talk,C01_none_narrow_twosided,C01,C01_s3,1004,none,narrow,two_sided_private,9.68,9.9,-0.22,0,0,,,,,4,0.0,0.0,0,0,0
mug_bargain_cheap_talk,C01_none_narrow_twosided,C01,C01_s4,1005,none,narrow,two_sided_private,9.93,9.61,0.32,1,1,9.75,1.0,0.4375,4,4,0.18,0.14,0,0,0
mug_bargain_cheap_talk,C01_none_narrow_twosided,C01,C01_s5,1006,none,narrow,two_sided_private,9.39,6.91,2.48,1,1,8.75,1.0,0.7419,4,4,0.64,1.84,0,0,0
mug_bargain_cheap_talk,C01_none_narrow_twosided,C01,C01_s6,1007,none,narrow,two_sided_private,11.42,9.2,2.22,1,1,10.5,1.0,0.5856,4,4,0.92,1.3,0,0,0
mug_bargain_cheap_talk,C01_none_narrow_twosided,C01,C01_s7,1008,none,narrow,two_sided_private,10.08,9.83,0.25,1,1,9.75,1.0,-0.32,4,4,0.33,-0.08,0,0,0
mug_bargain_cheap_talk,C01_none_narrow_twosided,C01,C01_s8,1009,none,narrow,two_sided_private,8.72,7.95,0.77,1,0,,0.0,,,4,0.0,0.0,0,0,0
mug_bargain_cheap_talk,C01_none_narrow_twosided,C01,C01_s9,1010,none,narrow,two_sided_private,10.68,9.43,1.25,1,1,10.5,1.0,0.856,4,4,0.18,1.07,0,0,0
mug_bargain_cheap_talk,C01_none_narrow_twosided,C01,C01_s10,1011,none,narrow,two_sided_private,9.47,6.12,3.35,1,0,,0.0,,,4,0.0,0.0,0,0,0
mug_bargain_cheap_talk,C01_none_narrow_twosided,C01,C01_s11,1012,none,narrow,two_sided_private,9.35,6.58,2.77,1,1,8.75,1.0,0.7834,4,4,0.6,2.17,0,0,0
mug_bargain_cheap_talk,C01_none_narrow_twosided,C01,C01_s12,1013,none,narrow,two_sided_private,11.62,9.06,2.56,1,1,9.75,1.0,0.2695,4,4,1.87,0.69,0,0,0
mug_bargain_cheap_talk,C01_none_narrow_twosided,C01,C01_s13,1014,none,narrow,two_sided_private,10.06,6.96,3.1,1,1,9.5,1.0,0.8194,4,4,0.56,2.54,0,0,0
mug_bargain_cheap_talk,C01_none_narrow_twosided,C01,C01_s14,1015,none,narrow,two_sided_private,8.42,7.2,1.22,1,0,,0.0,,,4,0.0,0.0,0,0,0
mug_bargain_cheap_talk,C01_none_narrow_twosided,C01,C01_s15,1016,none,narrow,two_sided_private,9.46,7.56,1.9,1,1,8.75,1.0,0.6263,4,4,0.71,1.19,0,0,0
mug_bargain_cheap_talk,C01_none_narrow_twosided,C01,C01_s16,1017,none,narrow,two_sided_private,9.93,8.54,1.39,1,1,8.9,1.0,0.259,4,4,1.03,0.36,0,0,0
mug_bargain_cheap_talk,C01_none_narrow_twosided,C01,C01_s17,1018,none,narrow,two_sided_private,9.58,9.08,0.5,1,1,9.5,1.0,0.84,4,4,0.08,0.42,0,0,0
mug_bargain_cheap_talk,C01_none_narrow_twosided,C01,C01_s18,1019,none,narrow,two_sided_private,8.14,6.86,1.28,1,0,,0.0,,,4,0.0,0.0,0,0,0
mug_bargain_cheap_talk,C01_none_narrow_twosided,C01,C01_s19,1020,none,narrow,two_sided_private,8.45,7.85,0.6,1,0,,0.0,,,4,0.0,0.0,0,0,0
mug_bargain_cheap_talk,C01_none_narrow_twosided,C01,C01_s20,1021,none,narrow,two_sided_private,10.12,6.71,3.41,1,1,10.0,1.0,0.9648,4,4,0.12,3.29,0,0,0
mug_bargain_cheap_talk,C01_none_narrow_twosided,C01,C01_s21,1022,none,narrow,two_sided_private,8.53,9.72,-1.19,0,0,,,,,4,0.0,0.0,0,0,0
mug_bargain_cheap_talk,C01_none_narrow_twosided,C01,C01_s22,1023,none,narrow,two_sided_private,9.95,7.81,2.14,1,1,9.0,1.0,0.5561,4,4,0.95,1.19,0,0,0
mug_bargain_cheap_talk,C01_none_narrow_twosided,C01,C01_s23,1024,none,narrow,two_sided_private,11.19,7.93,3.26,1,1,9.5,1.0,0.4816,4,4,1.69,1.57,0,0,0
mug_bargain_cheap_talk,C01_none_narrow_twosided,C01,C01_s24,1025,none,narrow,two_sided_private,8.84,6.18,2.66,1,0,,0.0,,,4,0.0,0.0,0,0,0
mug_bargain_cheap_talk,C01_none_narrow_twosided,C01,C01_s25,1026,none,narrow,two_sided_private,8.1,7.9,0.2,1,0,,0.0,,,4,0.0,0.0,0,0,0
mug_bargain_cheap_talk,C01_none_narrow_twosided,C01,C01_s26,1027,none,narrow,two_sided_private,8.08,9.63,-1.55,0,0,,,,,4,0.0,0.0,0,0,0
mug_bargain_cheap_talk,C01_none_narrow_twosided,C01,C01_s27,1028,none,narrow,two_sided_private,9.85,7.57,2.28,1,1,8.5,1.0,0.4079,4,4,1.35,0.93,0,0,0
mug_bargain_cheap_talk,C01_none_narrow_twosided,C01,C01_s28,1029,none,narrow,two_sided_private,10.42,8.81,1.61,1,1,10.0,1.0,0.7391,4,4,0.42,1.19,0,0,0
mug_bargain_cheap_talk,C01_none_narrow_twosided,C01,C01_s29,1030,none,narrow,two_sided_private,11.83,7.7,4.13,1,1,11.0,1.0,0.799,4,4,0.83,3.3,0,0,0
mug_bargain_cheap_talk,C02_none_narrow_onesided,C02,C02_s0,2001,none,narrow,one_sided_buyer_known,10.35,7.45,2.9,1,1,8.75,1.0,0.4483,4,4,1.6,1.3,0,0,0
mug_bargain_cheap_talk,C02_none_narrow_onesided,C02,C02_s1,2002,none,narrow,one_sided_buyer_known,10.91,8.0,2.91,1,1,9.75,1.0,0.6014,4,4,1.16,1.75,0,0,0
mug_bargain_cheap_talk,C02_none_narrow_onesided,C02,C02_s2,2003,none,narrow,one_sided_buyer_known,8.45,9.86,-1.41,0,0,,,,,4,0.0,0.0,0,0,0
mug_bargain_cheap_talk,C02_none_narrow_onesided,C02,C02_s3,2004,none,narrow,one_sided_buyer_known,10.1,9.16,0.94,1,1,9.5,1.0,0.3617,4,4,0.6,0.34,0,0,0
mug_bargain_cheap_talk,C02_none_narrow_onesided,C02,C02_s4,2005,none,narrow,one_sided_buyer_known,9.8,6.31,3.49,1,1,8.75,1.0,0.6991,4,4,1.05,2.44,0,0,0
mug_bargain_cheap_talk,C02_none_narrow_onesided,C02,C02_s5,2006,none,narrow,one_sided_buyer_known,10.22,6.28,3.94,1,1,9.0,1.0,0.6904,4,4,1.22,2.72,0,0,0
mug_bargain_cheap_talk,C02_none_narrow_onesided,C02,C02_s6,2007,none,narrow,one_sided_buyer_known,8.81,8.65,0.16,1,1,8.7,1.0,0.3125,4,4,0.11,0.05,0,0,0
mug_bargain_cheap_talk,C02_none_narrow_onesided,C02,C02_s7,2008,none,narrow,one_sided_buyer_known,11.56,8.18,3.38,1,1,10.0,1.0,0.5385,4,4,1.56,1.82,0,0,0
mug_bargain_cheap_talk,C02_none_narrow_onesided,C02,C02_s8,2009,none,narrow,one_sided_buyer_known,9.09,9.57,-0.48,0,0,,,,,4,0.0,0.0,0,0,0
mug_bargain_cheap_talk,C02_none_narrow_onesided,C02,C02_s9,2010,none,narrow,one_sided_buyer_known,8.56,7.95,0.61,1,1,8.35,1.0,0.6557,4,4,0.21,0.4,0,0,0
mug_bargain_cheap_talk,C02_none_narrow_onesided,C02,C02_s10,2011,none,narrow,one_sided_buyer_known,10.07,9.63,0.44,1,1,9.75,1.0,0.2727,4,4,0.32,0.12,0,0,0
mug_bargain_cheap_talk,C02_none_narrow_onesided,C02,C02_s11,2012,none,narrow,one_sided_buyer_known,8.39,7.46,0.93,1,1,8.15,1.0,0.7419,4,4,0.24,0.69,0,0,0
mug_bargain_cheap_talk,C02_none_narrow_onesided,C02,C02_s12,2013,none,narrow,one_sided_buyer_known,9.7,6.21,3.49,1,1,8.8,1.0,0.7421,4,4,0.9,2.59,0,0,0
mug_bargain_cheap_talk,C02_none_narrow_onesided,C02,C02_s13,2014,none,narrow,one_sided_buyer_known,9.26,7.59,1.67,1,1,9.0,1.0,0.8443,4,4,0.26,1.41,0,0,0
mug_bargain_cheap_talk,C02_none_narrow_onesided,C02,C02_s14,2015,none,narrow,one_sided_buyer_known,10.91,8.56,2.35,1,1,9.75,1.0,0.5064,4,4,1.16,1.19,0,0,0
mug_bargain_cheap_talk,C02_none_narrow_onesided,C02,C02_s15,2016,none,narrow,one_sided_buyer_known,10.95,7.79,3.16,1,1,9.25,1.0,0.462,4,4,1.7,1.46,0,0,0
mug_bargain_cheap_talk,C02_none_narrow_onesided,C02,C02_s16,2017,none,narrow,one_sided_buyer_known,8.8,7.37,1.43,1,1,8.3,1.0,0.6503,4,4,0.5,0.93,0,0,0
mug_bargain_cheap_talk,C02_none_narrow_onesided,C02,C02_s17,2018,none,narrow,one_sided_buyer_known,10.13,6.11,4.02,1,1,8.75,1.0,0.6567,4,4,1.38,2.64,0,0,0
mug_bargain_cheap_talk,C02_none_narrow_onesided,C02,C02_s18,2019,none,narrow,one_sided_buyer_known,11.33,9.16,2.17,1,1,10.0,1.0,0.3871,4,4,1.33,0.84,0,0,0
mug_bargain_cheap_talk,C02_none_narrow_onesided,C02,C02_s19,2020,none,narrow,one_sided_buyer_known,10.48,6.7,3.78,1,1,9.0,1.0,0.6085,4,4,1.48,2.3,0,0,0
mug_bargain_cheap_talk,C02_none_narrow_onesided,C02,C02_s20,2021,none,narrow,one_sided_buyer_known,11.35,9.43,1.92,1,1,10.5,1.0,0.5573,4,4,0.85,1.07,0,0,0
mug_bargain_cheap_talk,C02_none_narrow_onesided,C02,C02_s21,2022,none,narrow,one_sided_buyer_known,10.13,7.77,2.36,1,1,9.8,1.0,0.8602,4,4,0.33,2.03,0,0,0
mug_bargain_cheap_talk,C02_none_narrow_onesided,C02,C02_s22,2023,none,narrow,one_sided_buyer_known,9.53,9.89,-0.36,0,0,,,,,4,0.0,0.0,0,0,0
mug_bargain_cheap_talk,C02_none_narrow_onesided,C02,C02_s23,2024,none,narrow,one_sided_buyer_known,9.88,8.91,0.97,1,1,9.25,1.0,0.3505,4,4,0.63,0.34,0,0,0
mug_bargain_cheap_talk,C02_none_narrow_onesided,C02,C02_s24,2025,none,narrow,one_sided_buyer_known,10.23,8.58,1.65,1,1,9.25,1.0,0.4061,4,4,0.98,0.67,0,0,0
mug_bargain_cheap_talk,C02_none_narrow_onesided,C02,C02_s25,2026,none,narrow,one_sided_buyer_known,8.48,8.01,0.47,1,1,8.25,1.0,0.5106,4,4,0.23,0.24,0,0,0
mug_bargain_cheap_talk,C02_none_narrow_onesided,C02,C02_s26,2027,none,narrow,one_sided_buyer_known,8.43,7.86,0.57,1,1,8.1,1.0,0.4211,4,4,0.33,0.24,0,0,0
mug_bargain_cheap_talk,C02_none_narrow_onesided,C02,C02_s27,2028,none,narrow,one_sided_buyer_known,9.42,6.72,2.7,1,1,7.75,1.0,0.3815,4,4,1.67,1.03,0,0,0
mug_bargain_cheap_talk,C02_none_narrow_onesided,C02,C02_s28,2029,none,narrow,one_sided_buyer_known,10.88,7.94,2.94,1,1,9.5,1.0,0.5306,4,4,1.38,1.56,0,0,0
mug_bargain_cheap_talk,C02_none_narrow_onesided,C02,C02_s29,2030,none,narrow,one_sided_buyer_known,9.14,7.49,1.65,1,1,8.5,1.0,0.6121,4,4,0.64,1.01,0,0,0
mug_bargain_cheap_talk,C03_none_wide_twosided,C03,C03_s0,3001,none,wide,two_sided_private,7.91,9.44,-1.53,0,0,,,,,4,0.0,0.0,0,0,0
mug_bargain_cheap_talk,C03_none_wide_twosided,C03,C03_s1,3002,none,wide,two_sided_private,6.96,11.33,-4.37,0,0,,,,,4,0.0,0.0,0,0,0
mug_bargain_cheap_talk,C03_none_wide_twosided,C03,C03_s2,3003,none,wide,two_sided_private,10.56,12.29,-1.73,0,0,,,,,4,0.0,0.0,0,0,0
mug_bargain_cheap_talk,C03_none_wide_twosided,C03,C03_s3,3004,none,wide,two_sided_private,9.95,7.06,2.89,1,0,,0.0,,,4,0.0,0.0,0,0,0
mug_bargain_cheap_talk,C03_none_wide_twosided,C03,C03_s4,3005,none,wide,two_sided_private,12.29,13.13,-0.84,0,0,,,,,4,0.0,0.0,0,0,0
mug_bargain_cheap_talk,C03_none_wide_twosided,C03,C03_s5,3006,none,wide,two_sided_private,12.09,12.06,0.03,1,0,,0.0,,,4,0.0,0.0,0,0,0
mug_bargain_cheap_talk,C03_none_wide_twosided,C03,C03_s6,3007,none,wide,two_sided_private,11.68,8.78,2.9,1,1,11.5,1.0,0.9379,4,4,0.18,2.72,0,0,0
mug_bargain_cheap_talk,C03_none_wide_twosided,C03,C03_s7,3008,none,wide,two_sided_private,7.62,5.24,2.38,1,1,7.5,1.0,0.9496,4,4,0.12,2.26,0,0,0
mug_bargain_cheap_talk,C03_none_wide_twosided,C03,C03_s8,3009,none,wide,two_sided_private,9.62,8.41,1.21,1,1,9.5,1.0,0.9008,4,4,0.12,1.09,0,0,0
mug_bargain_cheap_talk,C03_none_wide_twosided,C03,C03_s9,3010,none,wide,two_sided_private,11.47,10.57,0.9,1,1,11.0,1.0,0.4778,4,4,0.47,0.43,0,0,0
mug_bargain_cheap_talk,C03_none_wide_twosided,C03,C03_s10,3011,none,wide,two_sided_private,7.49,11.28,-3.79,0,0,,,,,4,0.0,0.0,0,0,0
mug_bargain_cheap_talk,C03_none_wide_twosided,C03,C03_s11,3012,none,wide,two_sided_private,7.66,12.95,-5.29,0,0,,,,,4,0.0,0.0,0,0,0
mug_bargain_cheap_talk,C03_none_wide_twosided,C03,C03_s12,3013,none,wide,two_sided_private,11.84,13.2,-1.36,0,0,,,,,4,0.0,0.0,0,0,0
mug_bargain_cheap_talk,C03_none_wide_twosided,C03,C03_s13,3014,none,wide,two_sided_private,6.11,10.6,-4.49,0,0,,,,,4,0.0,0.0,0,0,0
mug_bargain_cheap_talk,C03_none_wide_twosided,C03,C03_s14,3015,none,wide,two_sided_private,12.24,12.08,0.16,1,1,12.0,1.0,-0.5,4,4,0.24,-0.08,0,0,0
mug_bargain_cheap_talk,C03_none_wide_twosided,C03,C03_s15,3016,none,wide,two_sided_private,11.93,7.98,3.95,1,1,11.5,1.0,0.8911,4,4,0.43,3.52,0,0,0
mug_bargain_cheap_talk,C03_none_wide_twosided,C03,C03_s16,3017,none,wide,two_sided_private,11.62,5.5,6.12,1,1,10.0,1.0,0.7353,4,4,1.62,4.5,0,0,0
mug_bargain_cheap_talk,C03_none_wide_twosided,C03,C03_s17,3018,none,wide,two_sided_private,9.27,7.78,1.49,1,1,8.75,1.0,0.651,4,4,0.52,0.97,0,0,0
mug_bargain_cheap_talk,C03_none_wide_twosided,C03,C03_s18,3019,none,wide,two_sided_private,8.51,12.83,-4.32,0,0,,,,,4,0.0,0.0,0,0,0
mug_bargain_cheap_talk,C03_none_wide_twosided,C03,C03_s19,3020,none,wide,two_sided_private,9.36,9.58,-0.22,0,0,,,,,4,0.0,0.0,0,0,0
mug_bargain_cheap_talk,C03_none_wide_twosided,C03,C03_s20,3021,none,wide,two_sided_private,11.07,14.02,-2.95,0,0,,,,,4,0.0,0.0,0,0,0
mug_bargain_cheap_talk,C03_none_wide_twosided,C03,C03_s21,3022,none,wide,two_sided_private,9.5,13.15,-3.65,0,0,,,,,4,0.0,0.0,0,0,0
mug_bargain_cheap_talk,C03_none_wide_twosided,C03,C03_s22,3023,none,wide,two_sided_private,10.78,9.18,1.6,1,1,9.5,1.0,0.2,4,4,1.28,0.32,0,0,0
mug_bargain_cheap_talk,C03_none_wide_twosided,C03,C03_s23,3024,none,wide,two_sided_private,6.44,6.08,0.36,1,0,,0.0,,,4,0.0,0.0,0,0,0
mug_bargain_cheap_talk,C03_none_wide_twosided,C03,C03_s24,3025,none,wide,two_sided_private,5.53,13.69,-8.16,0,0,,,,,4,0.0,0.0,0,0,0
mug_bargain_cheap_talk,C03_none_wide_twosided,C03,C03_s25,3026,none,wide,two_sided_private,10.38,13.97,-3.59,0,0,,,,,4,0.0,0.0,0,0,0
mug_bargain_cheap_talk,C03_none_wide_twosided,C03,C03_s26,3027,none,wide,two_sided_private,6.85,13.09,-6.24,0,0,,,,,4,0.0,0.0,0,0,0
mug_bargain_cheap_talk,C03_none_wide_twosided,C03,C03_s27,3028,none,wide,two_sided_private,11.65,11.5,0.15,1,0,,0.0,,,4,0.0,0.0,0,0,0
mug_bargain_cheap_talk,C03_none_wide_twosided,C03,C03_s28,3029,none,wide,two_sided_private,10.07,12.84,-2.77,0,0,,,,,4,0.0,0.0,0,0,0
mug_bargain_cheap_talk,C03_none_wide_twosided,C03,C03_s29,3030,none,wide,two_sided_private,7.28,12.54,-5.26,0,0,,,,,4,0.0,0.0,0,0,0
mug_bargain_cheap_talk,C04_none_wide_onesided,C04,C04_s0,4001,none,wide,one_sided_buyer_known,9.15,6.37,2.78,1,1,8.0,1.0,0.5863,4,4,1.15,1.63,0,0,0
mug_bargain_cheap_talk,C04_none_wide_onesided,C04,C04_s1,4002,none,wide,one_sided_buyer_known,14.1,11.93,2.17,1,1,12.5,1.0,0.2627,4,4,1.6,0.57,0,0,0
mug_bargain_cheap_talk,C04_none_wide_onesided,C04,C04_s2,4003,none,wide,one_sided_buyer_known,14.75,7.41,7.34,1,1,13.25,1.0,0.7956,4,4,1.5,5.84,0,0,0
mug_bargain_cheap_talk,C04_none_wide_onesided,C04,C04_s3,4004,none,wide,one_sided_buyer_known,9.76,8.55,1.21,1,1,9.25,1.0,0.5785,4,4,0.51,0.7,0,0,0
mug_bargain_cheap_talk,C04_none_wide_onesided,C04,C04_s4,4005,none,wide,one_sided_buyer_known,14.25,12.49,1.76,1,1,13.75,1.0,0.7159,4,4,0.5,1.26,0,0,0
mug_bargain_cheap_talk,C04_none_wide_onesided,C04,C04_s5,4006,none,wide,one_sided_buyer_known,10.02,13.07,-3.05,0,0,,,,,4,0.0,0.0,0,0,0
mug_bargain_cheap_talk,C04_none_wide_onesided,C04,C04_s6,4007,none,wide,one_sided_buyer_known,6.87,6.25,0.62,1,1,6.7,1.0,0.7258,4,4,0.17,0.45,0,0,0
mug_bargain_cheap_talk,C04_none_wide_onesided,C04,C04_s7,4008,none,wide,one_sided_buyer_known,10.23,12.11,-1.88,0,0,,,,,4,0.0,0.0,0,0,0
mug_bargain_cheap_talk,C04_none_wide_onesided,C04,C04_s8,4009,none,wide,one_sided_buyer_known,9.41,5.0,4.41,1,1,8.25,1.0,0.737,4,4,1.16,3.25,0,0,0
mug_bargain_cheap_talk,C04_none_wide_onesided,C04,C04_s9,4010,none,wide,one_sided_buyer_known,12.41,13.64,-1.23,0,0,,,,,4,0.0,0.0,0,0,0
mug_bargain_cheap_talk,C04_none_wide_onesided,C04,C04_s10,4011,none,wide,one_sided_buyer_known,5.47,11.37,-5.9,0,0,,,,,4,0.0,0.0,0,0,0
mug_bargain_cheap_talk,C04_none_wide_onesided,C04,C04_s11,4012,none,wide,one_sided_buyer_known,12.58,10.8,1.78,1,1,11.5,1.0,0.3933,4,4,1.08,0.7,0,0,0
mug_bargain_cheap_talk,C04_none_wide_onesided,C04,C04_s12,4013,none,wide,one_sided_buyer_known,12.52,13.12,-0.6,0,0,,,,,4,0.0,0.0,0,0,0
mug_bargain_cheap_talk,C04_none_wide_onesided,C04,C04_s13,4014,none,wide,one_sided_buyer_known,13.52,8.91,4.61,1,1,12.25,1.0,0.7245,4,4,1.27,3.34,0,0,0
mug_bargain_cheap_talk,C04_none_wide_onesided,C04,C04_s14,4015,none,wide,one_sided_buyer_known,11.0,9.59,1.41,1,1,10.0,1.0,0.2908,4,4,1.0,0.41,0,0,0
mug_bargain_cheap_talk,C04_none_wide_onesided,C04,C04_s15,4016,none,wide,one_sided_buyer_known,7.24,6.62,0.62,1,1,6.9,1.0,0.4516,4,4,0.34,0.28,0,0,0
mug_bargain_cheap_talk,C04_none_wide_onesided,C04,C04_s16,4017,none,wide,one_sided_buyer_known,13.68,12.58,1.1,1,1,13.4,1.0,0.7455,4,4,0.28,0.82,0,0,0
mug_bargain_cheap_talk,C04_none_wide_onesided,C04,C04_s17,4018,none,wide,one_sided_buyer_known,8.83,10.45,-1.62,0,0,,,,,4,0.0,0.0,0,0,0
mug_bargain_cheap_talk,C04_none_wide_onesided,C04,C04_s18,4019,none,wide,one_sided_buyer_known,7.66,11.31,-3.65,0,0,,,,,4,0.0,0.0,0,0,0
mug_bargain_cheap_talk,C04_none_wide_onesided,C04,C04_s19,4020,none,wide,one_sided_buyer_known,7.05,7.04,0.01,1,1,7.05,1.0,1.0,4,4,0.0,0.01,0,0,0
mug_bargain_cheap_talk,C04_none_wide_onesided,C04,C04_s20,4021,none,wide,one_sided_buyer_known,14.64,14.13,0.51,1,1,14.4,1.0,0.5294,4,4,0.24,0.27,0,0,0
mug_bargain_cheap_talk,C04_none_wide_onesided,C04,C04_s21,4022,none,wide,one_sided_buyer_known,8.62,7.81,0.81,1,1,8.25,1.0,0.5432,4,4,0.37,0.44,0,0,0
mug_bargain_cheap_talk,C04_none_wide_onesided,C04,C04_s22,4023,none,wide,one_sided_buyer_known,9.49,9.52,-0.03,0,0,,,,,4,0.0,0.0,0,0,0
mug_bargain_cheap_talk,C04_none_wide_onesided,C04,C04_s23,4024,none,wide,one_sided_buyer_known,8.47,5.35,3.12,1,1,7.75,1.0,0.7692,4,4,0.72,2.4,0,0,0
mug_bargain_cheap_talk,C04_none_wide_onesided,C04,C04_s24,4025,none,wide,one_sided_buyer_known,6.28,11.22,-4.94,0,0,,,,,4,0.0,0.0,0,0,0
mug_bargain_cheap_talk,C04_none_wide_onesided,C04,C04_s25,4026,none,wide,one_sided_buyer_known,14.65,13.76,0.89,1,1,14.4,1.0,0.7191,4,4,0.25,0.64,0,0,0
mug_bargain_cheap_talk,C04_none_wide_onesided,C04,C04_s26,4027,none,wide,one_sided_buyer_known,5.23,10.57,-5.34,0,0,,,,,4,0.0,0.0,0,0,0
mug_bargain_cheap_talk,C04_none_wide_onesided,C04,C04_s27,4028,none,wide,one_sided_buyer_known,12.14,9.71,2.43,1,1,10.75,1.0,0.428,4,4,1.39,1.04,0,0,0
mug_bargain_cheap_talk,C04_none_wide_onesided,C04,C04_s28,4029,none,wide,one_sided_buyer_known,13.39,10.1,3.29,1,1,12.0,1.0,0.5775,4,4,1.39,1.9,0,0,0
mug_bargain_cheap_talk,C04_none_wide_onesided,C04,C04_s29,4030,none,wide,one_sided_buyer_known,14.08,9.89,4.19,1,1,12.75,1.0,0.6826,4,4,1.33,2.86,0,0,0
mug_bargain_cheap_talk,C05_talk1_narrow_twosided,C05,C05_s0,5001,cheap_talk,narrow,two_sided_private,10.28,8.51,1.77,1,1,9.5,1.0,0.5593,4,4,0.78,0.99,2,1,0
mug_bargain_cheap_talk,C05_talk1_narrow_twosided,C05,C05_s1,5002,cheap_talk,narrow,two_sided_private,10.55,7.02,3.53,1,1,8.5,1.0,0.4193,4,4,2.05,1.48,2,0,0
mug_bargain_cheap_talk,C05_talk1_narrow_twosided,C05,C05_s2,5003,cheap_talk,narrow,two_sided_private,8.64,9.0,-0.36,0,0,,,,,4,0.0,0.0,2,1,0
mug_bargain_cheap_talk,C05_talk1_narrow_twosided,C05,C05_s3,5004,cheap_talk,narrow,two_sided_private,9.32,7.1,2.22,1,0,,0.0,,,4,0.0,0.0,2,2,0
mug_bargain_cheap_talk,C05_talk1_narrow_twosided,C05,C05_s4,5005,cheap_talk,narrow,two_sided_private,8.86,6.22,2.64,1,1,8.75,1.0,0.9583,4,4,0.11,2.53,2,1,0
mug_bargain_cheap_talk,C05_talk1_narrow_twosided,C05,C05_s5,5006,cheap_talk,narrow,two_sided_private,8.67,9.02,-0.35,0,0,,,,,4,0.0,0.0,2,2,0
mug_bargain_cheap_talk,C05_talk1_narrow_twosided,C05,C05_s6,5007,cheap_talk,narrow,two_sided_private,8.5,8.32,0.18,1,0,,0.0,,,4,0.0,0.0,2,0,0
mug_bargain_cheap_talk,C05_talk1_narrow_twosided,C05,C05_s7,5008,cheap_talk,narrow,two_sided_private,8.05,6.63,1.42,1,0,,0.0,,,4,0.0,0.0,2,0,0
mug_bargain_cheap_talk,C05_talk1_narrow_twosided,C05,C05_s8,5009,cheap_talk,narrow,two_sided_private,11.95,7.26,4.69,1,1,9.0,1.0,0.371,4,4,2.95,1.74,2,3,0
mug_bargain_cheap_talk,C05_talk1_narrow_twosided,C05,C05_s9,5010,cheap_talk,narrow,two_sided_private,11.81,6.03,5.78,1,1,9.5,1.0,0.6003,4,4,2.31,3.47,2,2,0
mug_bargain_cheap_talk,C05_talk1_narrow_twosided,C05,C05_s10,5011,cheap_talk,narrow,two_sided_private,10.7,8.63,2.07,1,1,10.0,1.0,0.6618,4,4,0.7,1.37,2,0,0
mug_bargain_cheap_talk,C05_talk1_narrow_twosided,C05,C05_s11,5012,cheap_talk,narrow,two_sided_private,8.26,9.26,-1.0,0,0,,,,,4,0.0,0.0,2,3,0
mug_bargain_cheap_talk,C05_talk1_narrow_twosided,C05,C05_s12,5013,cheap_talk,narrow,two_sided_private,9.05,9.15,-0.1,0,0,,,,,4,0.0,0.0,2,2,0
mug_bargain_cheap_talk,C05_talk1_narrow_twosided,C05,C05_s13,5014,cheap_talk,narrow,two_sided_private,8.63,7.52,1.11,1,1,8.5,1.0,0.8829,4,4,0.13,0.98,2,2,0
mug_bargain_cheap_talk,C05_talk1_narrow_twosided,C05,C05_s14,5015,cheap_talk,narrow,two_sided_private,9.49,9.37,0.12,1,0,,0.0,,,4,0.0,0.0,2,0,0
mug_bargain_cheap_talk,C05_talk1_narrow_twosided,C05,C05_s15,5016,cheap_talk,narrow,two_sided_private,11.27,8.5,2.77,1,1,9.0,1.0,0.1805,4,4,2.27,0.5,2,1,0
mug_bargain_cheap_talk,C05_talk1_narrow_twosided,C05,C05_s16,5017,cheap_talk,narrow,two_sided_private,10.74,9.61,1.13,1,1,10.0,1.0,0.3451,4,4,0.74,0.39,2,0,0
mug_bargain_cheap_talk,C05_talk1_narrow_twosided,C05,C05_s17,5018,cheap_talk,narrow,two_sided_private,8.49,6.76,1.73,1,1,7.0,1.0,0.1387,4,4,1.49,0.24,2,3,0
mug_bargain_cheap_talk,C05_talk1_narrow_twosided,C05,C05_s18,5019,cheap_talk,narrow,two_sided_private,8.78,6.07,2.71,1,1,8.75,1.0,0.9889,4,4,0.03,2.68,2,0,0
mug_bargain_cheap_talk,C05_talk1_narrow_twosided,C05,C05_s19,5020,cheap_talk,narrow,two_sided_private,11.43,8.35,3.08,1,1,9.0,1.0,0.211,4,4,2.43,0.65,2,2,0
mug_bargain_cheap_talk,C05_talk1_narrow_twosided,C05,C05_s20,5021,cheap_talk,narrow,two_sided_private,10.34,9.86,0.48,1,1,10.0,1.0,0.2917,4,4,0.34,0.14,2,1,0
mug_bargain_cheap_talk,C05_talk1_narrow_twosided,C05,C05_s21,5022,cheap_talk,narrow,two_sided_private,10.23,9.91,0.32,1,1,10.0,1.0,0.2812,4,4,0.23,0.09,2,1,0
mug_bargain_cheap_talk,C05_talk1_narrow_twosided,C05,C05_s22,5023,cheap_talk,narrow,two_sided_private,10.82,7.97,2.85,1,1,9.25,1.0,0.4491,4,4,1.57,1.28,2,0,0
mug_bargain_cheap_talk,C05_talk1_narrow_twosided,C05,C05_s23,5024,cheap_talk,narrow,two_sided_private,9.91,7.69,2.22,1,1,8.75,1.0,0.4775,4,4,1.16,1.06,2,0,0
mug_bargain_cheap_talk,C05_talk1_narrow_twosided,C05,C05_s24,5025,cheap_talk,narrow,two_sided_private,9.42,7.84,1.58,1,1,9.0,1.0,0.7342,4,4,0.42,1.16,2,1,0
mug_bargain_cheap_talk,C05_talk1_narrow_twosided,C05,C05_s25,5026,cheap_talk,narrow,two_sided_private,10.93,6.74,4.19,1,1,10.0,1.0,0.778,4,4,0.93,3.26,2,0,0
mug_bargain_cheap_talk,C05_talk1_narrow_twosided,C05,C05_s26,5027,cheap_talk,narrow,two_sided_private,8.54,7.17,1.37,1,0,,0.0,,,4,0.0,0.0,2,1,0
mug_bargain_cheap_talk,C05_talk1_narrow_twosided,C05,C05_s27,5028,cheap_talk,narrow,two_sided_private,11.67,7.49,4.18,1,1,9.0,1.0,0.3612,4,4,2.67,1.51,2,4,0
mug_bargain_cheap_talk,C05_talk1_narrow_twosided,C05,C05_s28,5029,cheap_talk,narrow,two_sided_private,8.7,7.89,0.81,1,0,,0.0,,,4,0.0,0.0,2,1,0
mug_bargain_cheap_talk,C05_talk1_narrow_twosided,C05,C05_s29,5030,cheap_talk,narrow,two_sided_private,9.09,9.5,-0.41,0,0,,,,,4,0.0,0.0,2,0,0
mug_bargain_cheap_talk,C06_talk1_narrow_onesided,C06,C06_s0,6001,cheap_talk,narrow,one_sided_buyer_known,11.66,8.96,2.7,1,1,9.75,1.0,0.2926,4,4,1.91,0.79,2,0,0
mug_bargain_cheap_talk,C06_talk1_narrow_onesided,C06,C06_s1,6002,cheap_talk,narrow,one_sided_buyer_known,11.06,6.5,4.56,1,1,8.5,1.0,0.4386,4,4,2.56,2.0,2,1,0
mug_bargain_cheap_talk,C06_talk1_narrow_onesided,C06,C06_s2,6003,cheap_talk,narrow,one_sided_buyer_known,11.68,9.68,2.0,1,1,10.5,1.0,0.41,4,4,1.18,0.82,2,0,0
mug_bargain_cheap_talk,C06_talk1_narrow_onesided,C06,C06_s3,6004,cheap_talk,narrow,one_sided_buyer_known,10.02,7.06,2.96,1,1,9.0,1.0,0.6554,4,4,1.02,1.94,2,1,0
mug_bargain_cheap_talk,C06_talk1_narrow_onesided,C06,C06_s4,6005,cheap_talk,narrow,one_sided_buyer_known,8.8,9.63,-0.83,0,0,,,,,4,0.0,0.0,2,2,0
mug_bargain_cheap_talk,C06_talk1_narrow_onesided,C06,C06_s5,6006,cheap_talk,narrow,one_sided_buyer_known,8.19,7.53,0.66,1,1,7.8,1.0,0.4091,4,4,0.39,0.27,2,0,0
mug_bargain_cheap_talk,C06_talk1_narrow_onesided,C06,C06_s6,6007,cheap_talk,narrow,one_sided_buyer_known,9.46,9.97,-0.51,0,1,8.75,,,4,4,0.71,-1.22,2,0,0
mug_bargain_cheap_talk,C06_talk1_narrow_onesided,C06,C06_s7,6008,cheap_talk,narrow,one_sided_buyer_known,11.71,7.94,3.77,1,1,9.0,1.0,0.2812,4,4,2.71,1.06,2,2,0
mug_bargain_cheap_talk,C06_talk1_narrow_onesided,C06,C06_s8,6009,cheap_talk,narrow,one_sided_buyer_known,10.28,9.29,0.99,1,1,9.5,1.0,0.2121,4,4,0.78,0.21,2,2,0
mug_bargain_cheap_talk,C06_talk1_narrow_onesided,C06,C06_s9,6010,cheap_talk,narrow,one_sided_buyer_known,9.33,6.82,2.51,1,1,8.0,1.0,0.4701,4,4,1.33,1.18,2,0,0
mug_bargain_cheap_talk,C06_talk1_narrow_onesided,C06,C06_s10,6011,cheap_talk,narrow,one_sided_buyer_known,9.09,7.56,1.53,1,1,8.0,1.0,0.2876,4,4,1.09,0.44,2,2,0
mug_bargain_cheap_talk,C06_talk1_narrow_onesided,C06,C06_s11,6012,cheap_talk,narrow,one_sided_buyer_known,11.29,8.21,3.08,1,1,9.5,1.0,0.4188,4,4,1.79,1.29,2,0,0
mug_bargain_cheap_talk,C06_talk1_narrow_onesided,C06,C06_s12,6013,cheap_talk,narrow,one_sided_buyer_known,10.68,6.69,3.99,1,1,8.5,1.0,0.4536,4,4,2.18,1.81,2,4,0
mug_bargain_cheap_talk,C06_talk1_narrow_onesided,C06,C06_s13,6014,cheap_talk,narrow,one_sided_buyer_known,10.24,8.2,2.04,1,1,8.9,1.0,0.3431,4,4,1.34,0.7,2,2,0
mug_bargain_cheap_talk,C06_talk1_narrow_onesided,C06,C06_s14,6015,cheap_talk,narrow,one_sided_buyer_known,11.22,6.57,4.65,1,1,8.5,1.0,0.4151,4,4,2.72,1.93,2,0,0
mug_bargain_cheap_talk,C06_talk1_narrow_onesided,C06,C06_s15,6016,cheap_talk,narrow,one_sided_buyer_known,10.34,8.88,1.46,1,1,9.25,1.0,0.2534,4,4,1.09,0.37,2,3,0
mug_bargain_cheap_talk,C06_talk1_narrow_onesided,C06,C06_s16,6017,cheap_talk,narrow,one_sided_buyer_known,9.81,9.36,0.45,1,1,9.25,1.0,-0.2444,4,4,0.56,-0.11,2,0,0
mug_bargain_cheap_talk,C06_talk1_narrow_onesided,C06,C06_s17,6018,cheap_talk,narrow,one_sided_buyer_known,9.15,7.85,1.3,1,1,8.5,1.0,0.5,4,4,0.65,0.65,2,1,0
mug_bargain_cheap_talk,C06_talk1_narrow_onesided,C06,C06_s18,6019,cheap_talk,narrow,one_sided_buyer_known,8.06,8.13,-0.07,0,1,8.06,,,4,4,0.0,-0.07,2,0,0
mug_bargain_cheap_talk,C06_talk1_narrow_onesided,C06,C06_s19,6020,cheap_talk,narrow,one_sided_buyer_known,8.73,6.67,2.06,1,1,8.0,1.0,0.6456,4,4,0.73,1.33,2,1,0
mug_bargain_cheap_talk,C06_talk1_narrow_onesided,C06,C06_s20,6021,cheap_talk,narrow,one_sided_buyer_known,11.3,8.12,3.18,1,1,9.75,1.0,0.5126,4,4,1.55,1.63,2,0,0
mug_bargain_cheap_talk,C06_talk1_narrow_onesided,C06,C06_s21,6022,cheap_talk,narrow,one_sided_buyer_known,11.59,7.7,3.89,1,1,9.5,1.0,0.4627,4,4,2.09,1.8,2,0,0
mug_bargain_cheap_talk,C06_talk1_narrow_onesided,C06,C06_s22,6023,cheap_talk,narrow,one_sided_buyer_known,9.51,6.33,3.18,1,1,8.0,1.0,0.5252,4,4,1.51,1.67,2,0,0
mug_bargain_cheap_talk,C06_talk1_narrow_onesided,C06,C06_s23,6024,cheap_talk,narrow,one_sided_buyer_known,8.82,6.58,2.24,1,1,7.9,1.0,0.5893,4,4,0.92,1.32,2,1,0
mug_bargain_cheap_talk,C06_talk1_narrow_onesided,C06,C06_s24,6025,cheap_talk,narrow,one_sided_buyer_known,9.65,8.39,1.26,1,1,8.75,1.0,0.2857,4,4,0.9,0.36,2,0,0
mug_bargain_cheap_talk,C06_talk1_narrow_onesided,C06,C06_s25,6026,cheap_talk,narrow,one_sided_buyer_known,9.37,9.14,0.23,1,1,9.25,1.0,0.4783,4,4,0.12,0.11,2,0,0
mug_bargain_cheap_talk,C06_talk1_narrow_onesided,C06,C06_s26,6027,cheap_talk,narrow,one_sided_buyer_known,10.05,8.21,1.84,1,1,9.25,1.0,0.5652,4,4,0.8,1.04,2,0,0
mug_bargain_cheap_talk,C06_talk1_narrow_onesided,C06,C06_s27,6028,cheap_talk,narrow,one_sided_buyer_known,11.47,6.7,4.77,1,1,9.5,1.0,0.587,4,4,1.97,2.8,2,2,0
mug_bargain_cheap_talk,C06_talk1_narrow_onesided,C06,C06_s28,6029,cheap_talk,narrow,one_sided_buyer_known,11.75,6.28,5.47,1,1,9.25,1.0,0.543,4,4,2.5,2.97,2,1,0
mug_bargain_cheap_talk,C06_talk1_narrow_onesided,C06,C06_s29,6030,cheap_talk,narrow,one_sided_buyer_known,8.35,7.97,0.38,1,1,8.1,1.0,0.3421,4,4,0.25,0.13,2,0,0
mug_bargain_cheap_talk,C07_talk1_wide_twosided,C07,C07_s0,7001,cheap_talk,wide,two_sided_private,6.17,8.21,-2.04,0,0,,,,,4,0.0,0.0,2,3,0
mug_bargain_cheap_talk,C07_talk1_wide_twosided,C07,C07_s1,7002,cheap_talk,wide,two_sided_private,10.59,10.19,0.4,1,0,,0.0,,,4,0.0,0.0,2,0,0
mug_bargain_cheap_talk,C07_talk1_wide_twosided,C07,C07_s2,7003,cheap_talk,wide,two_sided_private,11.59,6.25,5.34,1,1,11.25,1.0,0.9363,4,4,0.34,5.0,2,4,0
mug_bargain_cheap_talk,C07_talk1_wide_twosided,C07,C07_s3,7004,cheap_talk,wide,two_sided_private,6.5,6.13,0.37,1,0,,0.0,,,4,0.0,0.0,2,0,0
mug_bargain_cheap_talk,C07_talk1_wide_twosided,C07,C07_s4,7005,cheap_talk,wide,two_sided_private,9.07,7.76,1.31,1,1,8.25,1.0,0.374,4,4,0.82,0.49,2,0,0
mug_bargain_cheap_talk,C07_talk1_wide_twosided,C07,C07_s5,7006,cheap_talk,wide,two_sided_private,8.57,5.26,3.31,1,1,8.0,1.0,0.8278,4,4,0.57,2.74,2,0,0
mug_bargain_cheap_talk,C07_talk1_wide_twosided,C07,C07_s6,7007,cheap_talk,wide,two_sided_private,11.07,8.71,2.36,1,1,11.0,1.0,0.9703,4,4,0.07,2.29,2,0,0
mug_bargain_cheap_talk,C07_talk1_wide_twosided,C07,C07_s7,7008,cheap_talk,wide,two_sided_private,12.55,12.23,0.32,1,0,,0.0,,,4,0.0,0.0,2,1,0
mug_bargain_cheap_talk,C07_talk1_wide_twosided,C07,C07_s8,7009,cheap_talk,wide,two_sided_private,8.15,13.55,-5.4,0,0,,,,,4,0.0,0.0,2,3,0
mug_bargain_cheap_talk,C07_talk1_wide_twosided,C07,C07_s9,7010,cheap_talk,wide,two_sided_private,14.44,5.94,8.5,1,1,11.0,1.0,0.5953,4,4,3.44,5.06,2,0,0
mug_bargain_cheap_talk,C07_talk1_wide_twosided,C07,C07_s10,7011,cheap_talk,wide,two_sided_private,14.53,8.56,5.97,1,1,10.0,1.0,0.2412,4,4,4.53,1.44,2,0,0
mug_bargain_cheap_talk,C07_talk1_wide_twosided,C07,C07_s11,7012,cheap_talk,wide,two_sided_private,9.64,14.85,-5.21,0,0,,,,,4,0.0,0.0,2,0,0
mug_bargain_cheap_talk,C07_talk1_wide_twosided,C07,C07_s12,7013,cheap_talk,wide,two_sided_private,14.83,5.38,9.45,1,1,10.75,1.0,0.5683,4,4,4.08,5.37,2,0,0
mug_bargain_cheap_talk,C07_talk1_wide_twosided,C07,C07_s13,7014,cheap_talk,wide,two_sided_private,5.6,6.96,-1.36,0,0,,,,,4,0.0,0.0,2,1,0
mug_bargain_cheap_talk,C07_talk1_wide_twosided,C07,C07_s14,7015,cheap_talk,wide,two_sided_private,7.48,12.39,-4.91,0,0,,,,,4,0.0,0.0,2,2,0
mug_bargain_cheap_talk,C07_talk1_wide_twosided,C07,C07_s15,7016,cheap_talk,wide,two_sided_private,6.14,6.37,-0.23,0,0,,,,,4,0.0,0.0,2,1,0
mug_bargain_cheap_talk,C07_talk1_wide_twosided,C07,C07_s16,7017,cheap_talk,wide,two_sided_private,14.36,9.72,4.64,1,1,10.0,1.0,0.0603,4,4,4.36,0.28,2,1,0
mug_bargain_cheap_talk,C07_talk1_wide_twosided,C07,C07_s17,7018,cheap_talk,wide,two_sided_private,8.39,11.35,-2.96,0,0,,,,,4,0.0,0.0,2,0,0
mug_bargain_cheap_talk,C07_talk1_wide_twosided,C07,C07_s18,7019,cheap_talk,wide,two_sided_private,13.48,7.51,5.97,1,1,9.5,1.0,0.3333,4,4,3.98,1.99,2,2,0
mug_bargain_cheap_talk,C07_talk1_wide_twosided,C07,C07_s19,7020,cheap_talk,wide,two_sided_private,5.63,5.28,0.35,1,0,,0.0,,,4,0.0,0.0,2,1,0
mug_bargain_cheap_talk,C07_talk1_wide_twosided,C07,C07_s20,7021,cheap_talk,wide,two_sided_private,14.35,8.54,5.81,1,1,10.0,1.0,0.2513,4,4,4.35,1.46,2,0,0
mug_bargain_cheap_talk,C07_talk1_wide_twosided,C07,C07_s21,7022,cheap_talk,wide,two_sided_private,14.92,7.81,7.11,1,1,10.5,1.0,0.3783,4,4,4.42,2.69,2,1,0
mug_bargain_cheap_talk,C07_talk1_wide_twosided,C07,C07_s22,7023,cheap_talk,wide,two_sided_private,7.84,8.79,-0.95,0,0,,,,,4,0.0,0.0,2,0,0
mug_bargain_cheap_talk,C07_talk1_wide_twosided,C07,C07_s23,7024,cheap_talk,wide,two_sided_private,13.46,8.79,4.67,1,1,11.75,1.0,0.6338,4,4,1.71,2.96,2,1,0
mug_bargain_cheap_talk,C07_talk1_wide_twosided,C07,C07_s24,7025,cheap_talk,wide,two_sided_private,11.15,6.51,4.64,1,1,8.5,1.0,0.4289,4,4,2.65,1.99,2,0,0
mug_bargain_cheap_talk,C07_talk1_wide_twosided,C07,C07_s25,7026,cheap_talk,wide,two_sided_private,11.98,8.32,3.66,1,1,10.75,1.0,0.6639,4,4,1.23,2.43,2,0,0
mug_bargain_cheap_talk,C07_talk1_wide_twosided,C07,C07_s26,7027,cheap_talk,wide,two_sided_private,8.95,10.58,-1.63,0,0,,,,,4,0.0,0.0,2,0,0
mug_bargain_cheap_talk,C07_talk1_wide_twosided,C07,C07_s27,7028,cheap_talk,wide,two_sided_private,13.25,9.28,3.97,1,1,9.75,1.0,0.1184,4,4,3.5,0.47,2,3,0
mug_bargain_cheap_talk,C07_talk1_wide_twosided,C07,C07_s28,7029,cheap_talk,wide,two_sided_private,7.86,10.26,-2.4,0,0,,,,,4,0.0,0.0,2,2,0
mug_bargain_cheap_talk,C07_talk1_wide_twosided,C07,C07_s29,7030,cheap_talk,wide,two_sided_private,7.4,5.33,2.07,1,0,,0.0,,,4,0.0,0.0,2,0,0
mug_bargain_cheap_talk,C08_talk1_wide_onesided,C08,C08_s0,8001,cheap_talk,wide,one_sided_buyer_known,10.85,13.42,-2.57,0,0,,,,,4,0.0,0.0,2,0,0
mug_bargain_cheap_talk,C08_talk1_wide_onesided,C08,C08_s1,8002,cheap_talk,wide,one_sided_buyer_known,10.48,8.97,1.51,1,1,10.0,1.0,0.6821,4,4,0.48,1.03,2,0,0
mug_bargain_cheap_talk,C08_talk1_wide_onesided,C08,C08_s2,8003,cheap_talk,wide,one_sided_buyer_known,7.37,9.85,-2.48,0,0,,,,,4,0.0,0.0,2,0,0
mug_bargain_cheap_talk,C08_talk1_wide_onesided,C08,C08_s3,8004,cheap_talk,wide,one_sided_buyer_known,9.69,12.46,-2.77,0,0,,,,,4,0.0,0.0,2,1,0
mug_bargain_cheap_talk,C08_talk1_wide_onesided,C08,C08_s4,8005,cheap_talk,wide,one_sided_buyer_known,6.37,12.26,-5.89,0,0,,,,,4,0.0,0.0,2,0,0
mug_bargain_cheap_talk,C08_talk1_wide_onesided,C08,C08_s5,8006,cheap_talk,wide,one_sided_buyer_known,12.13,5.52,6.61,1,1,9.75,1.0,0.6399,4,4,2.38,4.23,2,0,0
mug_bargain_cheap_talk,C08_talk1_wide_onesided,C08,C08_s6,8007,cheap_talk,wide,one_sided_buyer_known,9.4,14.4,-5.0,0,0,,,,,4,0.0,0.0,2,2,0
mug_bargain_cheap_talk,C08_talk1_wide_onesided,C08,C08_s7,8008,cheap_talk,wide,one_sided_buyer_known,14.62,10.25,4.37,1,1,12.75,1.0,0.5721,4,4,1.87,2.5,2,1,0
mug_bargain_cheap_talk,C08_talk1_wide_onesided,C08,C08_s8,8009,cheap_talk,wide,one_sided_buyer_known,10.06,5.21,4.85,1,1,8.75,1.0,0.7299,4,4,1.31,3.54,2,0,0
mug_bargain_cheap_talk,C08_talk1_wide_onesided,C08,C08_s9,8010,cheap_talk,wide,one_sided_buyer_known,7.35,6.29,1.06,1,1,6.7,1.0,0.3868,4,4,0.65,0.41,2,0,0
mug_bargain_cheap_talk,C08_talk1_wide_onesided,C08,C08_s10,8011,cheap_talk,wide,one_sided_buyer_known,8.98,5.32,3.66,1,1,7.5,1.0,0.5956,4,4,1.48,2.18,2,0,0
mug_bargain_cheap_talk,C08_talk1_wide_onesided,C08,C08_s11,8012,cheap_talk,wide,one_sided_buyer_known,6.68,11.61,-4.93,0,0,,,,,4,0.0,0.0,2,0,0
mug_bargain_cheap_talk,C08_talk1_wide_onesided,C08,C08_s12,8013,cheap_talk,wide,one_sided_buyer_known,5.82,12.86,-7.04,0,0,,,,,4,0.0,0.0,2,0,0
mug_bargain_cheap_talk,C08_talk1_wide_onesided,C08,C08_s13,8014,cheap_talk,wide,one_sided_buyer_known,9.58,9.97,-0.39,0,0,,,,,4,0.0,0.0,2,2,0
mug_bargain_cheap_talk,C08_talk1_wide_onesided,C08,C08_s14,8015,cheap_talk,wide,one_sided_buyer_known,5.91,14.32,-8.41,0,0,,,,,4,0.0,0.0,2,0,0
mug_bargain_cheap_talk,C08_talk1_wide_onesided,C08,C08_s15,8016,cheap_talk,wide,one_sided_buyer_known,10.96,6.14,4.82,1,1,8.0,1.0,0.3859,4,4,2.96,1.86,2,0,0
mug_bargain_cheap_talk,C08_talk1_wide_onesided,C08,C08_s16,8017,cheap_talk,wide,one_sided_buyer_known,14.05,7.82,6.23,1,1,11.0,1.0,0.5104,4,4,3.05,3.18,2,1,0
mug_bargain_cheap_talk,C08_talk1_wide_onesided,C08,C08_s17,8018,cheap_talk,wide,one_sided_buyer_known,5.34,7.15,-1.81,0,0,,,,,4,0.0,0.0,2,0,0
mug_bargain_cheap_talk,C08_talk1_wide_onesided,C08,C08_s18,8019,cheap_talk,wide,one_sided_buyer_known,8.86,14.67,-5.81,0,0,,,,,4,0.0,0.0,2,0,0
mug_bargain_cheap_talk,C08_talk1_wide_onesided,C08,C08_s19,8020,cheap_talk,wide,one_sided_buyer_known,14.39,7.5,6.89,1,1,12.5,1.0,0.7257,4,4,1.89,5.0,2,0,0
mug_bargain_cheap_talk,C08_talk1_wide_onesided,C08,C08_s20,8021,cheap_talk,wide,one_sided_buyer_known,9.23,14.31,-5.08,0,0,,,,,4,0.0,0.0,2,3,0
mug_bargain_cheap_talk,C08_talk1_wide_onesided,C08,C08_s21,8022,cheap_talk,wide,one_sided_buyer_known,5.38,11.9,-6.52,0,0,,,,,4,0.0,0.0,2,0,0
mug_bargain_cheap_talk,C08_talk1_wide_onesided,C08,C08_s22,8023,cheap_talk,wide,one_sided_buyer_known,6.45,11.94,-5.49,0,0,,,,,4,0.0,0.0,2,0,0
mug_bargain_cheap_talk,C08_talk1_wide_onesided,C08,C08_s23,8024,cheap_talk,wide,one_sided_buyer_known,13.88,12.54,1.34,1,1,13.0,1.0,0.3433,4,4,0.88,0.46,2,0,0
mug_bargain_cheap_talk,C08_talk1_wide_onesided,C08,C08_s24,8025,cheap_talk,wide,one_sided_buyer_known,6.33,9.46,-3.13,0,0,,,,,4,0.0,0.0,2,0,0
mug_bargain_cheap_talk,C08_talk1_wide_onesided,C08,C08_s25,8026,cheap_talk,wide,one_sided_buyer_known,8.56,7.42,1.14,1,1,8.0,1.0,0.5088,4,4,0.56,0.58,2,0,0
mug_bargain_cheap_talk,C08_talk1_wide_onesided,C08,C08_s26,8027,cheap_talk,wide,one_sided_buyer_known,12.42,12.61,-0.19,0,0,,,,,4,0.0,0.0,2,1,0
mug_bargain_cheap_talk,C08_talk1_wide_onesided,C08,C08_s27,8028,cheap_talk,wide,one_sided_buyer_known,12.03,9.72,2.31,1,1,11.0,1.0,0.5541,4,4,1.03,1.28,2,0,0
mug_bargain_cheap_talk,C08_talk1_wide_onesided,C08,C08_s28,8029,cheap_talk,wide,one_sided_buyer_known,14.53,14.8,-0.27,0,0,,,,,4,0.0,0.0,2,0,0
mug_bargain_cheap_talk,C08_talk1_wide_onesided,C08,C08_s29,8030,cheap_talk,wide,one_sided_buyer_known,9.65,5.93,3.72,1,1,8.8,1.0,0.7715,4,4,0.85,2.87,2,0,0
mug_bargain_cheap_talk,C09_ext_narrow_twosided,C09,C09_s0,9001,extended_talk,narrow,two_sided_private,8.15,7.01,1.14,1,0,,0.0,,,4,0.0,0.0,6,0,0
mug_bargain_cheap_talk,C09_ext_narrow_twosided,C09,C09_s1,9002,extended_talk,narrow,two_sided_private,9.1,7.39,1.71,1,0,,0.0,,,4,0.0,0.0,6,6,0
mug_bargain_cheap_talk,C09_ext_narrow_twosided,C09,C09_s2,9003,extended_talk,narrow,two_sided_private,10.27,9.69,0.58,1,0,,0.0,,,4,0.0,0.0,6,0,0
mug_bargain_cheap_talk,C09_ext_narrow_twosided,C09,C09_s3,9004,extended_talk,narrow,two_sided_private,11.96,7.88,4.08,1,1,11.0,1.0,0.7647,4,4,0.96,3.12,6,0,0
mug_bargain_cheap_talk,C09_ext_narrow_twosided,C09,C09_s4,9005,extended_talk,narrow,two_sided_private,9.4,9.79,-0.39,0,0,,,,,4,0.0,0.0,6,0,0
mug_bargain_cheap_talk,C09_ext_narrow_twosided,C09,C09_s5,9006,extended_talk,narrow,two_sided_private,11.77,7.57,4.2,1,1,10.0,1.0,0.5786,4,4,1.77,2.43,6,14,0
mug_bargain_cheap_talk,C09_ext_narrow_twosided,C09,C09_s6,9007,extended_talk,narrow,two_sided_private,9.34,9.45,-0.11,0,0,,,,,4,0.0,0.0,6,0,0
mug_bargain_cheap_talk,C09_ext_narrow_twosided,C09,C09_s7,9008,extended_talk,narrow,two_sided_private,10.42,7.7,2.72,1,1,10.0,1.0,0.8456,4,4,0.42,2.3,6,0,0
mug_bargain_cheap_talk,C09_ext_narrow_twosided,C09,C09_s8,9009,extended_talk,narrow,two_sided_private,9.16,6.99,2.17,1,0,,0.0,,,4,0.0,0.0,6,0,0
mug_bargain_cheap_talk,C09_ext_narrow_twosided,C09,C09_s9,9010,extended_talk,narrow,two_sided_private,8.45,6.99,1.46,1,0,,0.0,,,4,0.0,0.0,6,0,0
mug_bargain_cheap_talk,C09_ext_narrow_twosided,C09,C09_s10,9011,extended_talk,narrow,two_sided_private,10.14,8.87,1.27,1,1,9.75,1.0,0.6929,4,4,0.39,0.88,6,0,0
mug_bargain_cheap_talk,C09_ext_narrow_twosided,C09,C09_s11,9012,extended_talk,narrow,two_sided_private,9.48,8.89,0.59,1,1,9.0,1.0,0.1864,4,4,0.48,0.11,6,0,0
mug_bargain_cheap_talk,C09_ext_narrow_twosided,C09,C09_s12,9013,extended_talk,narrow,two_sided_private,11.87,9.56,2.31,1,1,10.0,1.0,0.1905,4,4,1.87,0.44,6,0,0
mug_bargain_cheap_talk,C09_ext_narrow_twosided,C09,C09_s13,9014,extended_talk,narrow,two_sided_private,9.28,7.96,1.32,1,1,9.0,1.0,0.7879,4,4,0.28,1.04,6,6,0
mug_bargain_cheap_talk,C09_ext_narrow_twosided,C09,C09_s14,9015,extended_talk,narrow,two_sided_private,10.58,6.22,4.36,1,1,9.75,1.0,0.8096,4,4,0.83,3.53,6,2,0
mug_bargain_cheap_talk,C09_ext_narrow_twosided,C09,C09_s15,9016,extended_talk,narrow,two_sided_private,9.75,9.8,-0.05,0,0,,,,,4,0.0,0.0,6,0,0
mug_bargain_cheap_talk,C09_ext_narrow_twosided,C09,C09_s16,9017,extended_talk,narrow,two_sided_private,11.71,8.09,3.62,1,1,9.0,1.0,0.2514,4,4,2.71,0.91,6,3,0
mug_bargain_cheap_talk,C09_ext_narrow_twosided,C09,C09_s17,9018,extended_talk,narrow,two_sided_private,9.06,8.03,1.03,1,0,,0.0,,,4,0.0,0.0,6,0,0
mug_bargain_cheap_talk,C09_ext_narrow_twosided,C09,C09_s18,9019,extended_talk,narrow,two_sided_private,11.61,9.64,1.97,1,1,9.75,1.0,0.0558,4,4,1.86,0.11,6,4,0
mug_bargain_cheap_talk,C09_ext_narrow_twosided,C09,C09_s19,9020,extended_talk,narrow,two_sided_private,11.63,7.48,4.15,1,1,9.5,1.0,0.4867,4,4,2.13,2.02,6,0,0
mug_bargain_cheap_talk,C09_ext_narrow_twosided,C09,C09_s20,9021,extended_talk,narrow,two_sided_private,8.32,7.89,0.43,1,0,,0.0,,,4,0.0,0.0,6,0,0
mug_bargain_cheap_talk,C09_ext_narrow_twosided,C09,C09_s21,9022,extended_talk,narrow,two_sided_private,8.52,7.25,1.27,1,0,,0.0,,,4,0.0,0.0,6,2,0
mug_bargain_cheap_talk,C09_ext_narrow_twosided,C09,C09_s22,9023,extended_talk,narrow,two_sided_private,11.86,8.19,3.67,1,1,10.5,1.0,0.6294,4,4,1.36,2.31,6,0,0
mug_bargain_cheap_talk,C09_ext_narrow_twosided,C09,C09_s23,9024,extended_talk,narrow,two_sided_private,8.08,6.51,1.57,1,0,,0.0,,,4,0.0,0.0,6,0,0
mug_bargain_cheap_talk,C09_ext_narrow_twosided,C09,C09_s24,9025,extended_talk,narrow,two_sided_private,8.82,6.06,2.76,1,0,,0.0,,,4,0.0,0.0,6,0,0
mug_bargain_cheap_talk,C09_ext_narrow_twosided,C09,C09_s25,9026,extended_talk,narrow,two_sided_private,11.51,9.28,2.23,1,1,10.0,1.0,0.3229,4,4,1.51,0.72,6,4,0
mug_bargain_cheap_talk,C09_ext_narrow_twosided,C09,C09_s26,9027,extended_talk,narrow,two_sided_private,9.26,8.2,1.06,1,0,,0.0,,,4,0.0,0.0,6,0,0
mug_bargain_cheap_talk,C09_ext_narrow_twosided,C09,C09_s27,9028,extended_talk,narrow,two_sided_private,9.57,7.48,2.09,1,0,,0.0,,,4,0.0,0.0,6,1,0
mug_bargain_cheap_talk,C09_ext_narrow_twosided,C09,C09_s28,9029,extended_talk,narrow,two_sided_private,9.7,8.9,0.8,1,0,,0.0,,,4,0.0,0.0,6,7,0
mug_bargain_cheap_talk,C09_ext_narrow_twosided,C09,C09_s29,9030,extended_talk,narrow,two_sided_private,9.2,7.53,1.67,1,0,,0.0,,,4,0.0,0.0,6,0,0
mug_bargain_cheap_talk,C10_ext_narrow_onesided,C10,C10_s0,10001,extended_talk,narrow,one_sided_buyer_known,9.43,9.3,0.13,1,1,9.25,1.0,-0.3846,4,4,0.18,-0.05,6,1,0
mug_bargain_cheap_talk,C10_ext_narrow_onesided,C10,C10_s1,10002,extended_talk,narrow,one_sided_buyer_known,9.56,6.43,3.13,1,1,8.0,1.0,0.5016,4,4,1.56,1.57,6,1,0
mug_bargain_cheap_talk,C10_ext_narrow_onesided,C10,C10_s2,10003,extended_talk,narrow,one_sided_buyer_known,11.49,6.02,5.47,1,1,9.5,1.0,0.6362,4,4,1.99,3.48,6,0,0
mug_bargain_cheap_talk,C10_ext_narrow_onesided,C10,C10_s3,10004,extended_talk,narrow,one_sided_buyer_known,10.43,8.56,1.87,1,1,9.5,1.0,0.5027,4,4,0.93,0.94,6,0,0
mug_bargain_cheap_talk,C10_ext_narrow_onesided,C10,C10_s4,10005,extended_talk,narrow,one_sided_buyer_known,11.2,8.13,3.07,1,1,9.5,1.0,0.4463,4,4,1.7,1.37,6,0,0
mug_bargain_cheap_talk,C10_ext_narrow_onesided,C10,C10_s5,10006,extended_talk,narrow,one_sided_buyer_known,8.95,6.68,2.27,1,1,7.5,1.0,0.3612,4,4,1.45,0.82,6,3,0
mug_bargain_cheap_talk,C10_ext_narrow_onesided,C10,C10_s6,10007,extended_talk,narrow,one_sided_buyer_known,9.03,7.15,1.88,1,1,8.25,1.0,0.5851,4,4,0.78,1.1,6,0,0
mug_bargain_cheap_talk,C10_ext_narrow_onesided,C10,C10_s7,10008,extended_talk,narrow,one_sided_buyer_known,8.58,7.85,0.73,1,1,8.15,1.0,0.411,4,4,0.43,0.3,6,0,0
mug_bargain_cheap_talk,C10_ext_narrow_onesided,C10,C10_s8,10009,extended_talk,narrow,one_sided_buyer_known,9.27,7.38,1.89,1,1,8.5,1.0,0.5926,4,4,0.77,1.12,6,0,0
mug_bargain_cheap_talk,C10_ext_narrow_onesided,C10,C10_s9,10010,extended_talk,narrow,one_sided_buyer_known,10.2,7.11,3.09,1,1,8.75,1.0,0.5307,4,4,1.45,1.64,6,0,0
mug_bargain_cheap_talk,C10_ext_narrow_onesided,C10,C10_s10,10011,extended_talk,narrow,one_sided_buyer_known,8.6,8.03,0.57,1,1,8.3,1.0,0.4737,4,4,0.3,0.27,6,1,0
mug_bargain_cheap_talk,C10_ext_narrow_onesided,C10,C10_s11,10012,extended_talk,narrow,one_sided_buyer_known,9.82,9.05,0.77,1,1,9.3,1.0,0.3247,4,4,0.52,0.25,6,0,0
mug_bargain_cheap_talk,C10_ext_narrow_onesided,C10,C10_s12,10013,extended_talk,narrow,one_sided_buyer_known,9.42,6.43,2.99,1,1,7.5,1.0,0.3579,4,4,1.92,1.07,6,0,0
mug_bargain_cheap_talk,C10_ext_narrow_onesided,C10,C10_s13,10014,extended_talk,narrow,one_sided_buyer_known,9.68,8.21,1.47,1,1,9.3,1.0,0.7415,4,4,0.38,1.09,6,8,0
mug_bargain_cheap_talk,C10_ext_narrow_onesided,C10,C10_s14,10015,extended_talk,narrow,one_sided_buyer_known,8.52,6.88,1.64,1,1,7.8,1.0,0.561,4,4,0.72,0.92,6,0,0
mug_bargain_cheap_talk,C10_ext_narrow_onesided,C10,C10_s15,10016,extended_talk,narrow,one_sided_buyer_known,9.82,6.24,3.58,1,1,8.5,1.0,0.6313,4,4,1.32,2.26,6,0,0
mug_bargain_cheap_talk,C10_ext_narrow_onesided,C10,C10_s16,10017,extended_talk,narrow,one_sided_buyer_known,10.49,8.29,2.2,1,1,9.25,1.0,0.4364,4,4,1.24,0.96,6,0,0
mug_bargain_cheap_talk,C10_ext_narrow_onesided,C10,C10_s17,10018,extended_talk,narrow,one_sided_buyer_known,10.1,6.86,3.24,1,1,8.75,1.0,0.5833,4,4,1.35,1.89,6,0,0
mug_bargain_cheap_talk,C10_ext_narrow_onesided,C10,C10_s18,10019,extended_talk,narrow,one_sided_buyer_known,9.98,6.32,3.66,1,1,8.75,1.0,0.6639,4,4,1.23,2.43,6,1,0
mug_bargain_cheap_talk,C10_ext_narrow_onesided,C10,C10_s19,10020,extended_talk,narrow,one_sided_buyer_known,11.0,6.32,4.68,1,1,9.75,1.0,0.7329,4,4,1.25,3.43,6,2,0
mug_bargain_cheap_talk,C10_ext_narrow_onesided,C10,C10_s20,10021,extended_talk,narrow,one_sided_buyer_known,10.3,9.08,1.22,1,1,9.75,1.0,0.5492,4,4,0.55,0.67,6,0,0
mug_bargain_cheap_talk,C10_ext_narrow_onesided,C10,C10_s21,10022,extended_talk,narrow,one_sided_buyer_known,10.91,7.83,3.08,1,1,8.75,1.0,0.2987,4,4,2.16,0.92,6,5,0
mug_bargain_cheap_talk,C10_ext_narrow_onesided,C10,C10_s22,10023,extended_talk,narrow,one_sided_buyer_known,10.51,6.65,3.86,1,1,8.5,1.0,0.4793,4,4,2.01,1.85,6,0,0
mug_bargain_cheap_talk,C10_ext_narrow_onesided,C10,C10_s23,10024,extended_talk,narrow,one_sided_buyer_known,8.61,6.07,2.54,1,1,8.0,1.0,0.7598,4,4,0.61,1.93,6,4,0
mug_bargain_cheap_talk,C10_ext_narrow_onesided,C10,C10_s24,10025,extended_talk,narrow,one_sided_buyer_known,9.87,6.64,3.23,1,1,9.0,1.0,0.7307,4,4,0.87,2.36,6,0,0
mug_bargain_cheap_talk,C10_ext_narrow_onesided,C10,C10_s25,10026,extended_talk,narrow,one_sided_buyer_known,10.25,9.38,0.87,1,1,9.75,1.0,0.4253,4,4,0.5,0.37,6,7,0
mug_bargain_cheap_talk,C10_ext_narrow_onesided,C10,C10_s26,10027,extended_talk,narrow,one_sided_buyer_known,8.87,8.54,0.33,1,1,8.75,1.0,0.6364,4,4,0.12,0.21,6,0,0
mug_bargain_cheap_talk,C10_ext_narrow_onesided,C10,C10_s27,10028,extended_talk,narrow,one_sided_buyer_known,9.29,6.86,2.43,1,1,7.5,1.0,0.2634,4,4,1.79,0.64,6,0,0
mug_bargain_cheap_talk,C10_ext_narrow_onesided,C10,C10_s28,10029,extended_talk,narrow,one_sided_buyer_known,8.72,7.71,1.01,1,1,8.25,1.0,0.5347,4,4,0.47,0.54,6,1,0
mug_bargain_cheap_talk,C10_ext_narrow_onesided,C10,C10_s29,10030,extended_talk,narrow,one_sided_buyer_known,10.39,7.23,3.16,1,1,8.5,1.0,0.4019,4,4,1.89,1.27,6,0,0
mug_bargain_cheap_talk,C11_ext_wide_twosided,C11,C11_s0,11001,extended_talk,wide,two_sided_private,7.31,7.41,-0.1,0,0,,,,,4,0.0,0.0,6,0,0
mug_bargain_cheap_talk,C11_ext_wide_twosided,C11,C11_s1,11002,extended_talk,wide,two_sided_private,13.51,11.62,1.89,1,1,13.0,1.0,0.7302,4,4,0.51,1.38,6,0,0
mug_bargain_cheap_talk,C11_ext_wide_twosided,C11,C11_s2,11003,extended_talk,wide,two_sided_private,14.93,14.9,0.03,1,1,14.5,1.0,-13.3333,4,4,0.43,-0.4,6,1,0
mug_bargain_cheap_talk,C11_ext_wide_twosided,C11,C11_s3,11004,extended_talk,wide,two_sided_private,11.55,7.31,4.24,1,1,9.5,1.0,0.5165,4,4,2.05,2.19,6,6,0
mug_bargain_cheap_talk,C11_ext_wide_twosided,C11,C11_s4,11005,extended_talk,wide,two_sided_private,10.51,11.64,-1.13,0,0,,,,,4,0.0,0.0,6,0,0
mug_bargain_cheap_talk,C11_ext_wide_twosided,C11,C11_s5,11006,extended_talk,wide,two_sided_private,13.12,8.16,4.96,1,1,11.0,1.0,0.5726,4,4,2.12,2.84,6,1,0
mug_bargain_cheap_talk,C11_ext_wide_twosided,C11,C11_s6,11007,extended_talk,wide,two_sided_private,8.17,14.62,-6.45,0,0,,,,,4,0.0,0.0,6,0,0
mug_bargain_cheap_talk,C11_ext_wide_twosided,C11,C11_s7,11008,extended_talk,wide,two_sided_private,9.2,6.02,3.18,1,1,9.0,1.0,0.9371,4,4,0.2,2.98,6,10,0
mug_bargain_cheap_talk,C11_ext_wide_twosided,C11,C11_s8,11009,extended_talk,wide,two_sided_private,6.19,8.7,-2.51,0,0,,,,,4,0.0,0.0,6,0,0
mug_bargain_cheap_talk,C11_ext_wide_twosided,C11,C11_s9,11010,extended_talk,wide,two_sided_private,9.21,12.56,-3.35,0,0,,,,,4,0.0,0.0,6,0,0
mug_bargain_cheap_talk,C11_ext_wide_twosided,C11,C11_s10,11011,extended_talk,wide,two_sided_private,8.0,6.56,1.44,1,0,,0.0,,,4,0.0,0.0,6,0,0
mug_bargain_cheap_talk,C11_ext_wide_twosided,C11,C11_s11,11012,extended_talk,wide,two_sided_private,13.78,12.4,1.38,1,1,13.0,1.0,0.4348,4,4,0.78,0.6,6,0,0
mug_bargain_cheap_talk,C11_ext_wide_twosided,C11,C11_s12,11013,extended_talk,wide,two_sided_private,14.85,11.29,3.56,1,1,12.0,1.0,0.1994,4,4,2.85,0.71,6,8,0
mug_bargain_cheap_talk,C11_ext_wide_twosided,C11,C11_s13,11014,extended_talk,wide,two_sided_private,7.0,8.06,-1.06,0,0,,,,,4,0.0,0.0,6,0,0
mug_bargain_cheap_talk,C11_ext_wide_twosided,C11,C11_s14,11015,extended_talk,wide,two_sided_private,8.41,14.33,-5.92,0,0,,,,,4,0.0,0.0,6,0,0
mug_bargain_cheap_talk,C11_ext_wide_twosided,C11,C11_s15,11016,extended_talk,wide,two_sided_private,14.77,9.8,4.97,1,1,13.0,1.0,0.6439,4,4,1.77,3.2,6,0,0
mug_bargain_cheap_talk,C11_ext_wide_twosided,C11,C11_s16,11017,extended_talk,wide,two_sided_private,10.86,8.76,2.1,1,1,9.5,1.0,0.3524,4,4,1.36,0.74,6,0,0
mug_bargain_cheap_talk,C11_ext_wide_twosided,C11,C11_s17,11018,extended_talk,wide,two_sided_private,14.25,14.66,-0.41,0,1,13.0,,,4,4,1.25,-1.66,6,0,0
mug_bargain_cheap_talk,C11_ext_wide_twosided,C11,C11_s18,11019,extended_talk,wide,two_sided_private,6.73,9.35,-2.62,0,0,,,,,4,0.0,0.0,6,0,0
mug_bargain_cheap_talk,C11_ext_wide_twosided,C11,C11_s19,11020,extended_talk,wide,two_sided_private,14.93,8.87,6.06,1,1,11.0,1.0,0.3515,4,4,3.93,2.13,6,0,0
mug_bargain_cheap_talk,C11_ext_wide_twosided,C11,C11_s20,11021,extended_talk,wide,two_sided_private,8.76,14.88,-6.12,0,0,,,,,4,0.0,0.0,6,0,0
mug_bargain_cheap_talk,C11_ext_wide_twosided,C11,C11_s21,11022,extended_talk,wide,two_sided_private,6.96,13.88,-6.92,0,0,,,,,4,0.0,0.0,6,0,0
mug_bargain_cheap_talk,C11_ext_wide_twosided,C11,C11_s22,11023,extended_talk,wide,two_sided_private,7.39,9.33,-1.94,0,0,,,,,4,0.0,0.0,6,7,0
mug_bargain_cheap_talk,C11_ext_wide_twosided,C11,C11_s23,11024,extended_talk,wide,two_sided_private,13.43,14.84,-1.41,0,0,,,,,4,0.0,0.0,6,2,0
mug_bargain_cheap_talk,C11_ext_wide_twosided,C11,C11_s24,11025,extended_talk,wide,two_sided_private,12.02,8.81,3.21,1,0,,0.0,,,4,0.0,0.0,6,0,0
mug_bargain_cheap_talk,C11_ext_wide_twosided,C11,C11_s25,11026,extended_talk,wide,two_sided_private,6.07,11.46,-5.39,0,0,,,,,4,0.0,0.0,6,0,0
mug_bargain_cheap_talk,C11_ext_wide_twosided,C11,C11_s26,11027,extended_talk,wide,two_sided_private,8.84,6.57,2.27,1,0,,0.0,,,4,0.0,0.0,6,1,0
mug_bargain_cheap_talk,C11_ext_wide_twosided,C11,C11_s27,11028,extended_talk,wide,two_sided_private,5.61,11.16,-5.55,0,0,,,,,4,0.0,0.0,6,1,0
mug_bargain_cheap_talk,C11_ext_wide_twosided,C11,C11_s28,11029,extended_talk,wide,two_sided_private,6.74,5.0,1.74,1,0,,0.0,,,4,0.0,0.0,6,1,0
mug_bargain_cheap_talk,C11_ext_wide_twosided,C11,C11_s29,11030,extended_talk,wide,two_sided_private,12.08,14.62,-2.54,0,0,,,,,4,0.0,0.0,6,3,0
mug_bargain_cheap_talk,C12_ext_wide_onesided,C12,C12_s0,12001,extended_talk,wide,one_sided_buyer_known,13.07,6.4,6.67,1,1,10.25,1.0,0.5772,4,4,2.82,3.85,6,6,0
mug_bargain_cheap_talk,C12_ext_wide_onesided,C12,C12_s1,12002,extended_talk,wide,one_sided_buyer_known,8.01,10.69,-2.68,0,0,,,,,4,0.0,0.0,6,4,0
mug_bargain_cheap_talk,C12_ext_wide_onesided,C12,C12_s2,12003,extended_talk,wide,one_sided_buyer_known,9.62,10.55,-0.93,0,0,,,,,4,0.0,0.0,6,3,0
mug_bargain_cheap_talk,C12_ext_wide_onesided,C12,C12_s3,12004,extended_talk,wide,one_sided_buyer_known,8.64,7.57,1.07,1,1,8.2,1.0,0.5888,4,4,0.44,0.63,6,1,0
mug_bargain_cheap_talk,C12_ext_wide_onesided,C12,C12_s4,12005,extended_talk,wide,one_sided_buyer_known,5.4,6.48,-1.08,0,0,,,,,4,0.0,0.0,6,0,0
mug_bargain_cheap_talk,C12_ext_wide_onesided,C12,C12_s5,12006,extended_talk,wide,one_sided_buyer_known,11.4,14.79,-3.39,0,0,,,,,4,0.0,0.0,6,2,0
mug_bargain_cheap_talk,C12_ext_wide_onesided,C12,C12_s6,12007,extended_talk,wide,one_sided_buyer_known,8.73,7.76,0.97,1,1,8.2,1.0,0.4536,4,4,0.53,0.44,6,2,0
mug_bargain_cheap_talk,C12_ext_wide_onesided,C12,C12_s7,12008,extended_talk,wide,one_sided_buyer_known,6.21,7.6,-1.39,0,0,,,,,4,0.0,0.0,6,0,0
mug_bargain_cheap_talk,C12_ext_wide_onesided,C12,C12_s8,12009,extended_talk,wide,one_sided_buyer_known,12.74,8.37,4.37,1,1,11.75,1.0,0.7735,4,4,0.99,3.38,6,0,0
mug_bargain_cheap_talk,C12_ext_wide_onesided,C12,C12_s9,12010,extended_talk,wide,one_sided_buyer_known,8.54,8.08,0.46,1,1,8.27,1.0,0.413,4,4,0.27,0.19,6,0,0
mug_bargain_cheap_talk,C12_ext_wide_onesided,C12,C12_s10,12011,extended_talk,wide,one_sided_buyer_known,12.89,14.04,-1.15,0,0,,,,,4,0.0,0.0,6,3,0
mug_bargain_cheap_talk,C12_ext_wide_onesided,C12,C12_s11,12012,extended_talk,wide,one_sided_buyer_known,13.95,14.37,-0.42,0,0,,,,,4,0.0,0.0,6,0,0
mug_bargain_cheap_talk,C12_ext_wide_onesided,C12,C12_s12,12013,extended_talk,wide,one_sided_buyer_known,8.84,14.43,-5.59,0,0,,,,,4,0.0,0.0,6,5,0
mug_bargain_cheap_talk,C12_ext_wide_onesided,C12,C12_s13,12014,extended_talk,wide,one_sided_buyer_known,14.76,8.86,5.9,1,1,13.5,1.0,0.7864,4,4,1.26,4.64,6,1,0
mug_bargain_cheap_talk,C12_ext_wide_onesided,C12,C12_s14,12015,extended_talk,wide,one_sided_buyer_known,8.71,13.54,-4.83,0,0,,,,,4,0.0,0.0,6,0,0
mug_bargain_cheap_talk,C12_ext_wide_onesided,C12,C12_s15,12016,extended_talk,wide,one_sided_buyer_known,14.61,6.56,8.05,1,1,12.0,1.0,0.6758,4,4,2.61,5.44,6,0,0
mug_bargain_cheap_talk,C12_ext_wide_onesided,C12,C12_s16,12017,extended_talk,wide,one_sided_buyer_known,7.98,10.62,-2.64,0,0,,,,,4,0.0,0.0,6,1,0
mug_bargain_cheap_talk,C12_ext_wide_onesided,C12,C12_s17,12018,extended_talk,wide,one_sided_buyer_known,11.13,13.44,-2.31,0,0,,,,,4,0.0,0.0,6,3,0
mug_bargain_cheap_talk,C12_ext_wide_onesided,C12,C12_s18,12019,extended_talk,wide,one_sided_buyer_known,9.09,9.49,-0.4,0,0,,,,,4,0.0,0.0,6,1,0
mug_bargain_cheap_talk,C12_ext_wide_onesided,C12,C12_s19,12020,extended_talk,wide,one_sided_buyer_known,13.01,11.77,1.24,1,1,12.25,1.0,0.3871,4,4,0.76,0.48,6,7,0
mug_bargain_cheap_talk,C12_ext_wide_onesided,C12,C12_s20,12021,extended_talk,wide,one_sided_buyer_known,7.26,14.52,-7.26,0,0,,,,,4,0.0,0.0,6,0,0
mug_bargain_cheap_talk,C12_ext_wide_onesided,C12,C12_s21,12022,extended_talk,wide,one_sided_buyer_known,13.25,8.24,5.01,1,1,11.5,1.0,0.6507,4,4,1.75,3.26,6,0,0
mug_bargain_cheap_talk,C12_ext_wide_onesided,C12,C12_s22,12023,extended_talk,wide,one_sided_buyer_known,11.47,14.32,-2.85,0,0,,,,,4,0.0,0.0,6,0,0
mug_bargain_cheap_talk,C12_ext_wide_onesided,C12,C12_s23,12024,extended_talk,wide,one_sided_buyer_known,14.73,14.81,-0.08,0,1,14.5,,,4,4,0.23,-0.31,6,0,0
mug_bargain_cheap_talk,C12_ext_wide_onesided,C12,C12_s24,12025,extended_talk,wide,one_sided_buyer_known,13.02,6.89,6.13,1,1,9.5,1.0,0.4258,4,4,3.52,2.61,6,0,0
mug_bargain_cheap_talk,C12_ext_wide_onesided,C12,C12_s25,12026,extended_talk,wide,one_sided_buyer_known,11.24,7.35,3.89,1,1,10.5,1.0,0.8098,4,4,0.74,3.15,6,0,0
mug_bargain_cheap_talk,C12_ext_wide_onesided,C12,C12_s26,12027,extended_talk,wide,one_sided_buyer_known,7.93,9.02,-1.09,0,0,,,,,4,0.0,0.0,6,1,0
mug_bargain_cheap_talk,C12_ext_wide_onesided,C12,C12_s27,12028,extended_talk,wide,one_sided_buyer_known,11.78,9.3,2.48,1,1,11.0,1.0,0.6855,4,4,0.78,1.7,6,5,0
mug_bargain_cheap_talk,C12_ext_wide_onesided,C12,C12_s28,12029,extended_talk,wide,one_sided_buyer_known,5.25,10.1,-4.85,0,0,,,,,4,0.0,0.0,6,0,0
mug_bargain_cheap_talk,C12_ext_wide_onesided,C12,C12_s29,12030,extended_talk,wide,one_sided_buyer_known,13.23,10.24,2.99,1,1,12.25,1.0,0.6722,4,4,0.98,2.01,6,0,0
